{"stats":{"minecraft:dropped":{"tombstone:grave_dust":1,"minecraft:gravel":8,"minecraft:beetroot_seeds":1,"farmersdelight:cabbage_seeds":7},"minecraft:custom":{"minecraft:time_since_rest":1508,"tombstone:undead_killed":1,"minecraft:walk_one_cm":14268,"minecraft:play_time":7573,"minecraft:sprint_one_cm":13438,"minecraft:damage_taken":402,"minecraft:deaths":1,"minecraft:mob_kills":1,"minecraft:drop":17,"minecraft:jump":48,"minecraft:damage_dealt":42,"minecraft:leave_game":1,"minecraft:walk_on_water_one_cm":289,"minecraft:time_since_death":6348,"minecraft:sleep_in_bed":1,"minecraft:total_world_time":7573,"minecraft:fly_one_cm":7318,"minecraft:fall_one_cm":685},"minecraft:killed":{"minecraft:skeleton":1},"minecraft:used":{"tombstone:gift":2,"minecraft:gravel":5},"minecraft:picked_up":{"minecraft:beetroot_seeds":1,"farmersdelight:cabbage":2,"minecraft:gravel":13,"minecraft:flint":1,"farmersdelight:cabbage_seeds":7},"minecraft:mined":{"farmersdelight:sandy_shrub":7,"minecraft:gravel":15,"farmersdelight:wild_cabbages":6}},"DataVersion":3465}