{"stats":{"minecraft:dropped":{"minecraft:enchanted_book":2,"minecraft:coarse_dirt":1,"jeg:scrap_block":64,"simplyswords:diamond_greathammer":1,"minecraft:slime_ball":384,"minecraft:bow":1,"born_in_chaos_v1:staffof_magic_arrows":1,"sophisticatedbackpacks:diamond_backpack":1,"minecraft:flint":832},"minecraft:custom":{"minecraft:time_since_rest":35734,"minecraft:sprint_one_cm":2853,"minecraft:damage_taken":60,"minecraft:walk_one_cm":29117,"minecraft:mob_kills":6,"minecraft:interact_with_anvil":7,"minecraft:drop":27,"minecraft:damage_dealt":4904,"minecraft:interact_with_crafting_table":4,"minecraft:fly_one_cm":90538,"minecraft:open_chest":46,"minecraft:crouch_one_cm":642,"minecraft:play_time":35734,"minecraft:sneak_time":200,"minecraft:jump":49,"minecraft:damage_dealt_resisted":7602,"minecraft:leave_game":1,"minecraft:walk_on_water_one_cm":25,"minecraft:time_since_death":35734,"minecraft:enchant_item":9,"minecraft:total_world_time":35734,"minecraft:fall_one_cm":1064},"minecraft:killed":{"born_in_chaos_v1:pumpkinhead":1,"born_in_chaos_v1:felsteed":1,"born_in_chaos_v1:mr_pumpkin":1,"born_in_chaos_v1:sir_pumpkinhead_without_horse":1,"born_in_chaos_v1:sir_the_headless":1,"born_in_chaos_v1:sir_pumpkinhead":1},"minecraft:crafted":{"minecraft:iron_ingot":576,"minecraft:iron_block":64},"minecraft:used":{"born_in_chaos_v1:supreme_measure":6,"born_in_chaos_v1:infernal_evil_pumpkin_s":1,"minecraft:enchanting_table":1,"minecraft:bookshelf":44,"born_in_chaos_v1:staffofthe_summoner":1,"minecraft:chest":10,"minecraft:stone":2,"alexscaves:spelunkery_table":1,"minecraft:sand":23,"minecraft:anvil":1,"minecraft:crafting_table":2,"minecraft:coarse_dirt":6},"minecraft:picked_up":{"born_in_chaos_v1:staffof_magic_arrows":1,"born_in_chaos_v1:pumpkin_staff":1,"minecraft:enchanted_book":2,"minecraft:flint":832,"simplyswords:diamond_greathammer":1,"jeg:scrap_block":64,"minecraft:pumpkin_seeds":24,"born_in_chaos_v1:soul_cutlass":1,"minecraft:slime_ball":384,"minecraft:bow":1,"born_in_chaos_v1:fel_lamp":1,"sophisticatedbackpacks:diamond_backpack":1}},"DataVersion":3465}