{"stats":{"minecraft:killed":{"zombie_more:cursed_zombie":9,"minecraft:cave_spider":32,"born_in_chaos_v1:zombie_lumberjack":1,"born_in_chaos_v1:restless_spirit":1,"born_in_chaos_v1:siamese_skeletonsright":1,"born_in_chaos_v1:baby_skeleton_minion":2,"undead_revamp2:theswarmer":2,"minecraft:skeleton":40,"minecraft:chicken":1,"undead_revamp2:thepregnant":1,"undead_revamp2:thespitter":1,"undead_revamp2:theheavy":2,"minecraft:goat":1,"minecraft:zombie":80,"born_in_chaos_v1:corpse_fly":11,"born_in_chaos_v1:door_knight":1,"minecraft:cow":8,"undead_revamp2:thehunter":7,"alexscaves:ferrouslime":1,"born_in_chaos_v1:spiritof_chaos":1,"born_in_chaos_v1:bone_imp_minion":1,"undead_revamp2:the_moonflower":12,"born_in_chaos_v1:decrepit_skeleton":8,"undead_revamp2:thewolf":2,"born_in_chaos_v1:zombie_clown":1,"minecraft:witch":1,"minecraft:spider":35,"undead_revamp2:therod":3,"alexscaves:notor":4,"zombie_more:boomer_zombie":5,"born_in_chaos_v1:bonescaller":2,"minecraft:pig":7,"born_in_chaos_v1:diamond_termite":15,"born_in_chaos_v1:glutton_fish":1,"undead_revamp2:thebeartamer":1,"minecraft:creeper":11,"minecraft:sheep":10,"undead_revamp2:thebidyupside":1,"zombie_more:explosive_zombie":1,"born_in_chaos_v1:dread_hound":5,"alexsmobs:fly":2,"born_in_chaos_v1:siamese_skeletonsleft":2,"born_in_chaos_v1:zombie_bruiser":2,"born_in_chaos_v1:maggot":15,"minecraft:phantom":5,"alexsmobs:bison":3,"born_in_chaos_v1:corpse_fish":3,"undead_revamp2:sucker":5,"born_in_chaos_v1:fallen_chaos_knight":1,"zombie_more:crawler_zombie":9,"minecraft:hoglin":2,"minecraft:wither_skeleton":73},"minecraft:custom":{"minecraft:interact_with_crafting_table":187,"minecraft:open_barrel":112,"minecraft:bell_ring":6,"minecraft:leave_game":26,"minecraft:time_since_death":42217,"minecraft:damage_blocked_by_shield":17408,"minecraft:play_time":1632462,"minecraft:deaths":137,"minecraft:jump":18166,"minecraft:interact_with_furnace":177,"minecraft:sleep_in_bed":31,"minecraft:damage_dealt":108831,"tombstone:undead_killed":277,"minecraft:interact_with_smoker":17,"minecraft:interact_with_anvil":6,"minecraft:damage_dealt_absorbed":4,"minecraft:sneak_time":66938,"minecraft:interact_with_blast_furnace":13,"minecraft:total_world_time":1632462,"tombstone:raider_killed":3,"minecraft:tune_noteblock":9,"minecraft:time_since_rest":42020,"minecraft:swim_one_cm":151170,"minecraft:fly_one_cm":3187800,"minecraft:open_chest":373,"minecraft:fall_one_cm":449842,"minecraft:damage_resisted":58,"minecraft:sprint_one_cm":3987414,"minecraft:drop":563,"minecraft:play_noteblock":2,"minecraft:talked_to_villager":5,"minecraft:walk_on_water_one_cm":113144,"minecraft:interact_with_loom":4,"minecraft:player_kills":2,"minecraft:crouch_one_cm":160178,"minecraft:mob_kills":473,"minecraft:damage_dealt_resisted":15069,"minecraft:climb_one_cm":40140,"minecraft:walk_one_cm":3130233,"minecraft:walk_under_water_one_cm":110884,"minecraft:damage_taken":71477,"minecraft:damage_absorbed":362},"minecraft:mined":{"minecraft:dark_oak_planks":42,"minecraft:white_bed":18,"alexscaves:azure_neodymium_pillar":6,"minecraft:granite":98,"minecraft:coal_block":29,"minecraft:deepslate_tile_stairs":3,"minecraft:spawner":23,"minecraft:magma_block":3,"biomesoplenty:tall_lavender":14,"minecraft:fire":3,"minecraft:cobbled_deepslate":9,"biomesoplenty:lavender":87,"minecraft:deepslate_lapis_ore":8,"minecraft:enchanting_table":1,"minecraft:sculk_shrieker":3,"minecraft:oak_stairs":1,"biomesoplenty:webbing":9,"minecraft:spruce_wood":6,"horror_element_mod:spiked_body":1,"biomesoplenty:jacaranda_leaves":51,"biomesoplenty:jacaranda_planks":54,"minecraft:smoker":2,"born_in_chaos_v1:infected_deepslate_diamond_ore":6,"minecraft:torch":22,"minecraft:dark_oak_wood":31,"minecraft:melon":21,"alexscaves:energized_galena_scarlet":19,"minecraft:sugar_cane":1,"simplefarming:squash_stem":1,"minecraft:white_terracotta":4,"minecraft:chain":2,"minecraft:repeater":1,"minecraft:wheat":20,"minecraft:lilac":2,"minecraft:stone_brick_stairs":1,"minecraft:grass":200,"quark:birch_chest":1,"horror_element_mod:dead_cow":1,"minecraft:smooth_quartz":44,"minecraft:stripped_birch_wood":9,"minecraft:deepslate":1196,"minecraft:dark_prismarine":3,"minecraft:yellow_terracotta":16,"minecraft:mossy_cobblestone":5,"minecraft:stripped_birch_log":2,"minecraft:allium":1,"minecraft:spruce_fence":2,"alexscaves:galena":118,"minecraft:redstone_ore":2,"biomesoplenty:jacaranda_log":119,"minecraft:andesite":90,"minecraft:potatoes":16,"biomesoplenty:high_grass":15,"biomesoplenty:barley":75,"simplefarming:blueberry_bush":20,"minecraft:oak_slab":3,"biomesoplenty:redwood_planks":1,"jeg:scrap_ore":134,"quark:oak_chest":1,"minecraft:potted_lily_of_the_valley":2,"minecraft:stone_brick_slab":1,"biomesoplenty:high_grass_plant":30,"minecraft:copper_ore":30,"minecraft:tall_grass":23,"minecraft:deepslate_gold_ore":18,"minecraft:diorite":70,"jeg:deepslate_scrap_ore":37,"jeg:scrap_workbench":2,"minecraft:coarse_dirt":6,"minecraft:birch_leaves":13,"minecraft:gravel":73,"minecraft:dripstone_block":1,"minecraft:cobweb":9,"minecraft:acacia_planks":1,"minecraft:stone_bricks":28,"minecraft:fern":1,"simplefarming:raspberry_bush":12,"minecraft:spruce_planks":36,"minecraft:farmland":1,"minecraft:oak_sapling":2,"minecraft:mossy_stone_brick_slab":1,"minecraft:sculk_vein":16,"minecraft:grass_block":302,"biomesoplenty:flowering_oak_leaves":8,"simplefarming:blackberry_bush":5,"minecraft:smooth_stone":3,"minecraft:sculk_catalyst":11,"minecraft:iron_ore":156,"minecraft:dark_oak_stairs":3,"minecraft:deepslate_redstone_ore":68,"minecraft:quartz_block":5,"jeg:scrap_block":1,"minecraft:jungle_stairs":2,"minecraft:cobblestone":122,"minecraft:oak_planks":28,"minecraft:wall_torch":14,"minecraft:seagrass":1,"minecraft:birch_log":32,"minecraft:light_gray_wool":3,"biomesoplenty:clover":18,"minecraft:oak_log":60,"minecraft:beetroots":2,"minecraft:dirt":282,"pfm:oak_gray_simple_bed":3,"minecraft:netherrack":57,"minecraft:oak_leaves":120,"minecraft:daylight_detector":1,"minecraft:tuff":96,"minecraft:deepslate_diamond_ore":10,"minecraft:oak_door":2,"born_in_chaos_v1:infected_diamond_ore":3,"minecraft:ladder":4,"biomesoplenty:bush":46,"minecraft:white_stained_glass":2,"alexscaves:galena_spire":1,"minecraft:spruce_leaves":10,"minecraft:furnace":4,"minecraft:carrots":15,"alexscaves:energized_galena_azure":14,"minecraft:polished_deepslate":9,"minecraft:deepslate_iron_ore":25,"minecraft:stripped_jungle_log":2,"minecraft:stripped_oak_log":1,"minecraft:stone":1848,"simplefarming:strawberry_bush":11,"minecraft:brick_wall":1,"minecraft:crafting_table":9,"minecraft:rose_bush":1,"minecraft:sculk_sensor":41,"alexscaves:metal_swarf":9,"minecraft:lapis_ore":6,"biomesoplenty:sprout":1,"biomesoplenty:huge_clover_petal":23,"minecraft:sculk":27,"minecraft:birch_planks":11,"alexscaves:galena_iron_ore":20,"biomesoplenty:yellow_autumn_leaves":8,"simplefarming:pear_leaves":3,"minecraft:gray_bed":4,"pfm:working_table":1,"minecraft:coal_ore":108,"biomesoplenty:redwood_leaves":9,"minecraft:cyan_carpet":8,"minecraft:cracked_stone_bricks":6,"minecraft:stripped_acacia_wood":3,"minecraft:polished_andesite":1,"biomesoplenty:redwood_wood":9},"minecraft:broken":{"minecraft:iron_boots":3,"minecraft:iron_chestplate":4,"minecraft:iron_leggings":1,"simplyswords:iron_twinblade":1,"minecraft:bow":1,"simplyswords:iron_halberd":2,"minecraft:stone_sword":1,"minecraft:diamond_leggings":1,"minecraft:chainmail_helmet":1,"minecraft:wooden_pickaxe":2,"minecraft:shield":5,"minecraft:iron_pickaxe":4,"minecraft:iron_helmet":3,"minecraft:stone_pickaxe":25,"minecraft:diamond_boots":1,"minecraft:stone_axe":2,"minecraft:stone_shovel":1,"minecraft:diamond_chestplate":1},"minecraft:dropped":{"minecraft:iron_sword":1,"minecraft:cooked_beef":4,"minecraft:chorus_fruit":2,"minecraft:glow_berries":2,"immersive_aircraft:hull":1,"tombstone:tablet_of_assistance":1,"simplyswords:iron_halberd":2,"minecraft:cracked_stone_bricks":3,"sophisticatedbackpacks:gold_backpack":1,"born_in_chaos_v1:monster_flesh":1,"minecraft:dirt":63,"biomesoplenty:jacaranda_sign":2,"minecraft:chain":2,"minecraft:bone_meal":1,"simplefarming:blackberries":5,"minecraft:iron_pickaxe":1,"minecraft:dark_oak_planks":1,"simplefarming:lettuce_seeds":1,"simplefarming:squash_seeds":4,"quark:oak_chest":1,"minecraft:cyan_carpet":5,"minecraft:bone":14,"minecraft:iron_nugget":11,"simplefarming:cantaloupe_seeds":2,"minecraft:cobbled_deepslate":889,"alexscaves:cave_tablet":4,"minecraft:birch_sapling":1,"minecraft:wheat":1,"undead_revamp2:arapholia":1,"minecraft:rotten_flesh":111,"born_in_chaos_v1:smoked_flesh":3,"minecraft:oak_planks":6,"jeg:revolver":3,"alexscaves:cave_book":1,"minecraft:heavy_weighted_pressure_plate":1,"simplefarming:strawberry_bush":4,"minecraft:jungle_stairs":1,"minecraft:stone_brick_stairs":1,"biomesoplenty:tall_lavender":20,"tombstone:scroll_of_feather_fall":1,"minecraft:iron_ingot":41,"simplefarming:pear":3,"alexscaves:raw_azure_neodymium":10,"minecraft:wheat_seeds":212,"simplefarming:blueberry_bush":10,"minecraft:dripstone_block":2,"biomesoplenty:lavender":88,"minecraft:oak_fence":2,"minecraft:iron_helmet":1,"minecraft:yellow_terracotta":2,"minecraft:cobblestone":257,"minecraft:knowledge_book":15,"minecraft:apple":4,"minecraft:granite":18,"biomesoplenty:jacaranda_planks":133,"simplyswords:gold_glaive":1,"minecraft:coal":35,"minecraft:coal_block":3,"simplefarming:corn_seeds":2,"minecraft:cobweb":4,"simplefarming:pear_sapling":1,"simplefarming:soybean_seeds":1,"minecraft:gray_bed":1,"minecraft:wooden_axe":1,"minecraft:rose_bush":1,"minecraft:golden_hoe":1,"minecraft:paper":6,"minecraft:string":3,"simplefarming:tomato_seeds":1,"minecraft:brick_wall":1,"minecraft:iron_boots":1,"securitycraft:reinforced_cobblestone":2,"minecraft:spruce_fence":5,"minecraft:flower_pot":3,"minecraft:allium":6,"simplefarming:cucumber_seeds":1,"minecraft:bundle":2,"minecraft:spruce_planks":10,"quark:birch_chest":1,"minecraft:redstone_torch":1,"minecraft:spider_eye":16,"minecraft:stone_bricks":4,"minecraft:bow":1,"minecraft:vex_armor_trim_smithing_template":1,"jeg:pistol_ammo":1,"minecraft:daylight_detector":1,"minecraft:dark_oak_stairs":5,"minecraft:birch_planks":20,"alexscaves:notor_gizmo":2,"minecraft:oak_log":18,"minecraft:baked_potato":5,"minecraft:ender_pearl":3,"immersive_aircraft:boiler":1,"simplefarming:sweet_potato_seeds":1,"minecraft:leather":2,"jeg:scrap":1,"alexsmobs:bison_fur":1,"minecraft:flint":5,"minecraft:deepslate_tile_stairs":2,"simplefarming:pea_seeds":1,"minecraft:pumpkin_pie":7,"jeg:tech_trash":14,"minecraft:gravel":7,"simplyswords:iron_twinblade":1,"born_in_chaos_v1:ethereal_spirit":1,"biomesoplenty:jacaranda_slab":2,"minecraft:stone_stairs":1,"minecraft:carrot":21,"born_in_chaos_v1:seedof_chaos":1,"minecraft:gunpowder":5,"minecraft:beetroot_seeds":2,"born_in_chaos_v1:corpse_maggot":1,"zombie_more:acid_drool":4,"born_in_chaos_v1:diamond_termite_shard":6,"minecraft:netherrack":36,"minecraft:firework_rocket":1,"minecraft:bread":6,"minecraft:lilac":1,"minecraft:mossy_cobblestone":1,"minecraft:copper_ingot":14,"minecraft:stick":2,"jeg:custom_smg":3,"minecraft:black_candle":2,"minecraft:diorite":40,"minecraft:torch":2,"tombstone:grave_key":7,"minecraft:melon_slice":11,"minecraft:smooth_quartz":4,"tombstone:grave_dust":8,"minecraft:iron_leggings":1,"minecraft:smooth_basalt":5,"minecraft:redstone":36,"minecraft:polished_deepslate":8,"simplefarming:cotton_seeds":1,"simplefarming:onion_seeds":1,"alexsmobs:maggot":1,"minecraft:tuff":78,"minecraft:light_gray_wool":1,"minecraft:stripped_acacia_wood":3,"simplefarming:kenaf_seeds":1,"minecraft:iron_chestplate":1,"minecraft:andesite":33,"minecraft:oak_sapling":6,"minecraft:slime_ball":8,"minecraft:stone_pickaxe":3,"minecraft:calcite":7},"minecraft:crafted":{"quark:birch_chest":2,"minecraft:cooked_mutton":13,"minecraft:repeater":1,"minecraft:birch_door":3,"biomesoplenty:jacaranda_sign":6,"minecraft:wooden_shovel":1,"minecraft:cooked_porkchop":12,"minecraft:copper_ingot":28,"pfm:working_table":1,"quark:oak_chest":8,"minecraft:iron_pickaxe":6,"minecraft:gold_ingot":36,"minecraft:stone_shovel":1,"minecraft:iron_nugget":9,"immersive_aircraft:biplane":1,"minecraft:bone_meal":60,"minecraft:diamond":10,"jeg:scrap_workbench":1,"minecraft:stone_pickaxe":26,"biomesoplenty:jacaranda_door":3,"minecraft:diamond_boots":1,"minecraft:dark_oak_planks":120,"biomesoplenty:redwood_door":3,"biomesoplenty:redwood_planks":36,"simplyswords:iron_halberd":2,"sophisticatedbackpacks:gold_backpack":2,"minecraft:iron_leggings":4,"minecraft:white_bed":1,"minecraft:oak_planks":160,"minecraft:cobblestone_slab":6,"minecraft:barrel":8,"minecraft:stone":21,"minecraft:heavy_weighted_pressure_plate":1,"minecraft:iron_boots":3,"tombstone:grave_key":1,"minecraft:chest":1,"minecraft:stone_hoe":1,"minecraft:smoker":1,"sophisticatedbackpacks:backpack":1,"biomesoplenty:jacaranda_planks":459,"minecraft:crafting_table":18,"minecraft:spruce_planks":24,"minecraft:baked_potato":57,"minecraft:iron_helmet":4,"minecraft:wooden_pickaxe":2,"minecraft:birch_planks":120,"biomesoplenty:jacaranda_slab":24,"minecraft:iron_chestplate":4,"minecraft:shield":6,"minecraft:stick":164,"minecraft:iron_ingot":164,"minecraft:stone_sword":1,"simplyswords:diamond_halberd":1,"minecraft:coal":117,"simplyswords:iron_twinblade":2,"minecraft:furnace":11,"minecraft:stone_button":10,"minecraft:iron_axe":1,"sophisticatedbackpacks:iron_backpack":1,"minecraft:cooked_beef":23,"minecraft:mangrove_planks":4,"minecraft:stone_axe":2,"minecraft:air":0,"minecraft:bread":48,"jeg:scrap_block":1,"minecraft:torch":240,"minecraft:diamond_chestplate":1,"minecraft:firework_rocket":3},"minecraft:picked_up":{"minecraft:wooden_axe":1,"minecraft:iron_chestplate":1,"minecraft:flower_pot":5,"minecraft:lead":1,"minecraft:diamond_sword":4,"minecraft:enchanted_book":2,"minecraft:knowledge_book":5,"minecraft:polished_deepslate":11,"minecraft:string":99,"zombie_more:acid_drool":5,"pfm:oak_gray_simple_bed":3,"biomesoplenty:tall_lavender":24,"minecraft:cobbled_deepslate":1131,"minecraft:spruce_planks":30,"simplefarming:blackberry_bush":9,"minecraft:enchanted_golden_apple":1,"biomesoplenty:redwood_wood":9,"minecraft:melon_slice":105,"minecraft:coal_block":38,"minecraft:mangrove_log":1,"born_in_chaos_v1:shattered_skull":2,"minecraft:brick_wall":1,"simplefarming:raspberries":12,"minecraft:deepslate_tile_stairs":5,"minecraft:stone_sword":1,"minecraft:vex_armor_trim_smithing_template":1,"alexscaves:notor_gizmo":4,"minecraft:white_terracotta":5,"biomesoplenty:lavender":137,"minecraft:birch_log":33,"born_in_chaos_v1:staffof_magic_arrows":1,"minecraft:cooked_beef":4,"minecraft:water_bucket":1,"minecraft:smoker":2,"alexsmobs:bison_fur":6,"minecraft:flint":23,"jeg:scrap":310,"alexscaves:galena":138,"simplefarming:cucumber_seeds":1,"simplefarming:kenaf_seeds":1,"simplefarming:lettuce_seeds":1,"simplefarming:blueberry_bush":23,"simplefarming:tomato_seeds":1,"minecraft:glowstone_dust":1,"simplefarming:peanut_seeds":1,"minecraft:stripped_acacia_wood":3,"tombstone:scroll_of_feather_fall":1,"undead_revamp2:heavytooth":1,"minecraft:bundle":7,"jeg:scrap_block":1,"minecraft:granite":87,"minecraft:bread":3,"alexsmobs:maggot":2,"born_in_chaos_v1:rotten_fish":20,"minecraft:coarse_dirt":5,"sophisticatedbackpacks:gold_backpack":1,"minecraft:crafting_table":9,"born_in_chaos_v1:seedof_chaos":3,"biomesoplenty:jacaranda_sapling":2,"simplefarming:mango":6,"minecraft:cracked_stone_bricks":7,"minecraft:beef":28,"minecraft:iron_nugget":38,"minecraft:birch_sapling":1,"minecraft:egg":3,"securitycraft:reinforced_cobblestone":20,"minecraft:oak_door":7,"zombie_more:cursed_heart":3,"minecraft:spruce_fence":6,"minecraft:white_dye":1,"simplefarming:onion_seeds":1,"born_in_chaos_v1:pieceofdarkmetal":7,"minecraft:carrot":160,"minecraft:redstone":329,"minecraft:diamond_chestplate":1,"biomesoplenty:jacaranda_log":116,"minecraft:beetroot_seeds":2,"simplefarming:strawberries":13,"minecraft:yellow_terracotta":18,"tombstone:essence_of_undeath":3,"biomesoplenty:redwood_sapling":1,"minecraft:glow_berries":2,"minecraft:mutton":14,"immersive_aircraft:hull":4,"minecraft:rail":1,"minecraft:white_wool":9,"minecraft:stripped_oak_log":7,"simplefarming:soybean_seeds":2,"born_in_chaos_v1:monster_flesh":3,"simplefarming:rye_seeds":1,"minecraft:oak_log":62,"minecraft:apple":8,"minecraft:stone_bricks":29,"born_in_chaos_v1:smoked_flesh":7,"minecraft:stone_pickaxe":4,"minecraft:cobweb":4,"tombstone:bag_of_seeds":5,"minecraft:gray_bed":4,"minecraft:dark_oak_stairs":5,"minecraft:smooth_basalt":5,"minecraft:daylight_detector":1,"born_in_chaos_v1:ethereal_spirit":6,"immersive_aircraft:boiler":1,"minecraft:gravel":50,"simplefarming:blueberries":17,"simplefarming:raspberry_bush":5,"biomesoplenty:flowering_oak_sapling":1,"minecraft:firework_rocket":1,"minecraft:slime_ball":25,"simplefarming:sweet_potato_seeds":1,"minecraft:gray_wool":1,"minecraft:baked_potato":42,"simplefarming:cotton_seeds":2,"minecraft:ender_pearl":4,"minecraft:wheat":145,"minecraft:stone_brick_stairs":1,"tombstone:grave_key":6,"minecraft:raw_copper":93,"jeg:revolver":4,"immersive_aircraft:propeller":1,"minecraft:smooth_stone":12,"minecraft:bucket":1,"minecraft:rose_bush":1,"minecraft:redstone_torch":1,"minecraft:calcite":7,"minecraft:smooth_quartz":46,"minecraft:furnace":4,"minecraft:iron_boots":1,"minecraft:stick":20,"jeg:pistol_ammo":73,"minecraft:torch":66,"alexscaves:raw_azure_neodymium":28,"minecraft:spruce_stairs":1,"immersive_aircraft:engine":1,"minecraft:porkchop":17,"tombstone:grave_dust":58,"minecraft:diorite":76,"minecraft:rotten_flesh":278,"born_in_chaos_v1:sea_terror_eye":2,"minecraft:stripped_birch_wood":5,"undead_revamp2:arapholia":2,"minecraft:cobblestone":2058,"minecraft:enchanting_table":2,"minecraft:lilac":1,"minecraft:andesite":90,"minecraft:potato":201,"alexscaves:cave_book":1,"minecraft:tuff":80,"undead_revamp2:huntereye":2,"minecraft:wither_skeleton_skull":1,"minecraft:lapis_lazuli":53,"minecraft:dirt":687,"minecraft:stripped_birch_log":1,"zombie_more:crawler_gut":2,"minecraft:bone":166,"minecraft:acacia_planks":1,"minecraft:bow":3,"minecraft:wheat_seeds":345,"minecraft:raw_gold":18,"minecraft:oak_planks":37,"simplefarming:corn_seeds":2,"minecraft:cooked_porkchop":3,"minecraft:lily_of_the_valley":2,"minecraft:mossy_cobblestone":2,"minecraft:dark_prismarine":4,"born_in_chaos_v1:fire_dust":1,"minecraft:diamond":10,"minecraft:black_concrete":1,"jeg:custom_smg":4,"minecraft:bone_meal":1,"minecraft:oak_sapling":14,"minecraft:netherrack":46,"minecraft:chorus_fruit":2,"born_in_chaos_v1:sea_terror_stomach":1,"simplefarming:pea_seeds":1,"born_in_chaos_v1:diamond_termite_shard":20,"minecraft:allium":6,"minecraft:chicken":1,"minecraft:ladder":3,"jeg:scrap_workbench":2,"minecraft:chain":3,"minecraft:shield":1,"alexscaves:metal_swarf":6,"minecraft:stone_stairs":1,"immersive_aircraft:biplane":19,"minecraft:item_frame":4,"minecraft:cyan_carpet":15,"minecraft:light_gray_wool":3,"minecraft:phantom_membrane":11,"minecraft:raw_iron":222,"simplefarming:pear":3,"simplefarming:cantaloupe_seeds":2,"minecraft:copper_ingot":27,"simplyswords:iron_halberd":2,"quark:birch_chest":1,"minecraft:dark_oak_planks":30,"biomesoplenty:redwood_planks":1,"minecraft:arrow":57,"minecraft:golden_hoe":1,"minecraft:jungle_stairs":2,"pfm:working_table":1,"born_in_chaos_v1:fused_bone":3,"born_in_chaos_v1:corpse_maggot":20,"minecraft:leather":9,"minecraft:birch_planks":10,"biomesoplenty:jacaranda_door":1,"biomesoplenty:jacaranda_planks":82,"minecraft:gunpowder":43,"alexscaves:ferrouslime_ball":1,"minecraft:spruce_wood":6,"minecraft:iron_ingot":48,"simplefarming:pear_sapling":1,"jeg:tech_trash":47,"minecraft:oak_slab":3,"minecraft:black_candle":2,"minecraft:dripstone_block":2,"minecraft:white_bed":19,"simplefarming:squash_seeds":5,"quark:oak_chest":2,"minecraft:spider_eye":29,"simplefarming:blackberries":10,"minecraft:stripped_jungle_log":2,"simplefarming:strawberry_bush":11,"alexscaves:azure_neodymium_pillar":3,"tombstone:magic_scroll":6,"minecraft:dark_oak_wood":30,"minecraft:coal":354},"minecraft:used":{"minecraft:ladder":2,"minecraft:chest":1,"minecraft:stone":1,"minecraft:rotten_flesh":6,"simplefarming:squash_seeds":1,"born_in_chaos_v1:smoked_flesh":10,"minecraft:bow":45,"minecraft:oak_sapling":6,"minecraft:furnace":15,"minecraft:egg":3,"immersive_aircraft:biplane":20,"minecraft:potato":53,"minecraft:diorite":11,"minecraft:wooden_pickaxe":118,"biomesoplenty:flowering_oak_sapling":1,"minecraft:golden_apple":6,"minecraft:glow_berries":7,"simplyswords:iron_halberd":494,"biomesoplenty:jacaranda_planks":255,"pfm:working_table":2,"jeg:scrap_block":1,"minecraft:cyan_carpet":1,"minecraft:coal_block":3,"minecraft:birch_log":3,"biomesoplenty:jacaranda_sign":4,"minecraft:stone_sword":125,"biomesoplenty:redwood_door":1,"minecraft:netherrack":10,"minecraft:torch":313,"alexscaves:metal_swarf":6,"minecraft:iron_axe":78,"biomesoplenty:tall_lavender":1,"minecraft:smooth_quartz":36,"biomesoplenty:jacaranda_log":1,"minecraft:barrel":8,"minecraft:beef":9,"tombstone:gift":6,"minecraft:acacia_planks":1,"minecraft:cobbled_deepslate":152,"minecraft:knowledge_book":142,"minecraft:wheat_seeds":44,"minecraft:water_bucket":11,"minecraft:birch_planks":21,"minecraft:cracked_stone_bricks":1,"minecraft:mossy_cobblestone":1,"minecraft:oak_slab":3,"minecraft:crafting_table":26,"minecraft:white_bed":21,"minecraft:cod":2,"minecraft:oak_log":3,"minecraft:dark_prismarine":4,"minecraft:stripped_jungle_log":2,"simplefarming:strawberry_bush":3,"tombstone:tablet_of_assistance":6,"minecraft:iron_pickaxe":1278,"tombstone:magic_scroll":2,"jeg:scrap_workbench":3,"minecraft:cobblestone":788,"minecraft:cooked_porkchop":30,"minecraft:porkchop":1,"quark:oak_chest":8,"minecraft:stripped_oak_log":7,"minecraft:polished_deepslate":3,"minecraft:shield":262,"minecraft:white_terracotta":1,"minecraft:iron_sword":1,"alexscaves:galena":51,"minecraft:carrot":243,"simplefarming:blueberries":15,"jeg:custom_smg":50,"minecraft:tuff":2,"simplefarming:raspberries":12,"born_in_chaos_v1:corpse_maggot":29,"minecraft:stone_bricks":10,"jeg:revolver":7,"minecraft:gray_bed":2,"minecraft:stone_pickaxe":3364,"minecraft:oak_planks":47,"biomesoplenty:lavender":1,"simplyswords:diamond_halberd":1572,"simplefarming:blueberry_bush":1,"minecraft:white_wool":2,"simplefarming:strawberries":10,"minecraft:yellow_terracotta":16,"alexscaves:cave_book":2,"minecraft:melon_slice":94,"minecraft:bread":83,"tombstone:grave_key":19,"minecraft:gravel":10,"born_in_chaos_v1:rotten_fish":1,"minecraft:andesite":6,"minecraft:coarse_dirt":5,"minecraft:bone_meal":60,"pfm:oak_gray_simple_bed":4,"quark:birch_chest":2,"minecraft:stone_shovel":143,"biomesoplenty:redwood_planks":22,"minecraft:dried_kelp":1,"minecraft:spruce_planks":39,"minecraft:wooden_shovel":28,"minecraft:stripped_birch_wood":5,"minecraft:stone_hoe":40,"minecraft:oak_door":5,"minecraft:dirt":532,"minecraft:spruce_stairs":1,"minecraft:spruce_fence":1,"minecraft:granite":18,"minecraft:birch_door":2,"minecraft:dark_oak_planks":133,"alexsmobs:maggot":1,"minecraft:light_gray_wool":1,"minecraft:golden_carrot":47,"minecraft:deepslate_tile_stairs":1,"minecraft:cooked_beef":23,"minecraft:enchanted_golden_apple":1,"minecraft:cooked_mutton":13,"biomesoplenty:jacaranda_door":4,"tombstone:scroll_of_knowledge":1,"securitycraft:reinforced_cobblestone":9,"minecraft:baked_potato":94,"simplyswords:iron_twinblade":306,"simplefarming:blackberries":5,"minecraft:smoker":3,"minecraft:apple":11,"minecraft:chicken":1,"minecraft:jungle_stairs":1,"minecraft:stone_axe":273,"minecraft:bucket":11,"minecraft:pumpkin_pie":9,"minecraft:gray_wool":1,"minecraft:smooth_stone":10},"minecraft:killed_by":{"minecraft:zombie":13,"alexscaves:teletor":1,"minecraft:skeleton":5}},"DataVersion":3465}