{"stats":{"minecraft:dropped":{"minecraft:iron_sword":1,"minecraft:cooked_beef":4,"minecraft:chorus_fruit":2,"born_in_chaos_v1:sea_terror_stomach":1,"minecraft:glow_berries":2,"immersive_aircraft:hull":1,"tombstone:tablet_of_assistance":1,"simplyswords:iron_halberd":2,"minecraft:cracked_stone_bricks":3,"simplefarming:grape_seeds":1,"sophisticatedbackpacks:gold_backpack":1,"born_in_chaos_v1:monster_flesh":1,"minecraft:dirt":112,"minecraft:grass":4,"biomesoplenty:jacaranda_sign":2,"minecraft:chain":2,"minecraft:bone_meal":1,"simplefarming:blackberries":5,"minecraft:iron_pickaxe":1,"minecraft:dark_oak_planks":10,"simplefarming:lettuce_seeds":1,"simplefarming:squash_seeds":4,"quark:oak_chest":1,"minecraft:cyan_carpet":72,"minecraft:bone":78,"quark:ancient_tome":3,"minecraft:iron_nugget":11,"simplefarming:cantaloupe_seeds":2,"minecraft:cobbled_deepslate":889,"alexscaves:cave_tablet":4,"minecraft:wheat":2,"minecraft:birch_sapling":1,"undead_revamp2:arapholia":1,"tombstone:gift":2,"minecraft:rotten_flesh":126,"born_in_chaos_v1:smoked_flesh":3,"minecraft:birch_wood":1,"minecraft:oak_planks":6,"minecraft:white_bed":1,"jeg:revolver":3,"alexscaves:cave_book":1,"simplefarming:honeydew_seeds":1,"minecraft:heavy_weighted_pressure_plate":1,"simplefarming:strawberry_bush":4,"minecraft:jungle_stairs":1,"quark:smithing_template_rune":1,"minecraft:stone_brick_stairs":1,"biomesoplenty:tall_lavender":39,"simplefarming:pear":3,"minecraft:iron_ingot":43,"tombstone:scroll_of_feather_fall":1,"alexscaves:raw_azure_neodymium":10,"minecraft:wheat_seeds":282,"simplefarming:blueberry_bush":10,"minecraft:dripstone_block":2,"biomesoplenty:lavender":549,"minecraft:yellow_terracotta":2,"minecraft:oak_fence":2,"minecraft:knowledge_book":17,"minecraft:iron_helmet":1,"minecraft:cobblestone":269,"minecraft:apple":4,"minecraft:granite":18,"simplyswords:gold_glaive":1,"biomesoplenty:jacaranda_planks":137,"minecraft:chainmail_helmet":1,"minecraft:coal":50,"simplefarming:peanut_seeds":1,"minecraft:coal_block":3,"simplefarming:corn_seeds":2,"biomesoplenty:jacaranda_log":19,"minecraft:cobweb":4,"simplefarming:pear_sapling":1,"simplefarming:soybean_seeds":1,"minecraft:gray_bed":1,"minecraft:wooden_axe":1,"minecraft:rose_bush":1,"minecraft:oak_stairs":1,"minecraft:golden_hoe":1,"minecraft:paper":6,"minecraft:string":58,"simplefarming:tomato_seeds":1,"minecraft:brick_wall":1,"born_in_chaos_v1:rotten_fish":19,"biomesoplenty:redwood_planks":4,"minecraft:iron_boots":1,"securitycraft:reinforced_cobblestone":2,"minecraft:spruce_fence":6,"minecraft:diamond_sword":3,"minecraft:potato":2,"minecraft:cyan_wool":3,"minecraft:flower_pot":3,"minecraft:sea_pickle":1,"minecraft:allium":6,"simplefarming:cucumber_seeds":1,"minecraft:bundle":2,"minecraft:spruce_planks":21,"quark:birch_chest":1,"minecraft:wooden_shovel":1,"minecraft:redstone_torch":1,"minecraft:stone_bricks":4,"minecraft:spider_eye":43,"minecraft:bow":2,"minecraft:blue_orchid":1,"minecraft:vex_armor_trim_smithing_template":1,"jeg:pistol_ammo":1,"minecraft:daylight_detector":1,"minecraft:birch_planks":20,"minecraft:dark_oak_stairs":10,"minecraft:oak_log":18,"alexscaves:notor_gizmo":2,"minecraft:baked_potato":133,"minecraft:ender_pearl":3,"immersive_aircraft:boiler":1,"simplefarming:sweet_potato_seeds":2,"simplyswords:diamond_halberd":1,"minecraft:leather":2,"jeg:scrap":1,"alexsmobs:bison_fur":1,"minecraft:flint":5,"minecraft:deepslate_tile_stairs":2,"simplefarming:pea_seeds":1,"minecraft:pumpkin_pie":7,"jeg:tech_trash":14,"minecraft:gravel":7,"simplyswords:iron_twinblade":1,"born_in_chaos_v1:ethereal_spirit":1,"simplyswords:arcanethyst":1,"biomesoplenty:jacaranda_slab":2,"minecraft:stone_stairs":1,"minecraft:carrot":47,"born_in_chaos_v1:seedof_chaos":1,"minecraft:gunpowder":5,"minecraft:beetroot_seeds":2,"born_in_chaos_v1:corpse_maggot":1,"zombie_more:acid_drool":4,"minecraft:chainmail_boots":1,"born_in_chaos_v1:diamond_termite_shard":6,"biomesoplenty:flowering_oak_leaves":1,"minecraft:oak_leaves":1,"minecraft:netherrack":36,"minecraft:firework_rocket":1,"minecraft:water_bucket":1,"minecraft:bread":9,"minecraft:lilac":1,"minecraft:mossy_cobblestone":1,"minecraft:poisonous_potato":4,"minecraft:copper_ingot":14,"minecraft:spruce_stairs":2,"minecraft:stick":2,"simplefarming:broccoli_seeds":1,"jeg:custom_smg":3,"minecraft:black_candle":2,"minecraft:diorite":40,"minecraft:torch":2,"tombstone:grave_key":7,"minecraft:melon_slice":11,"minecraft:smooth_quartz":11,"simplefarming:rice_seeds":1,"tombstone:grave_dust":32,"minecraft:iron_leggings":1,"minecraft:smooth_basalt":5,"minecraft:polished_deepslate":8,"minecraft:redstone":36,"simplefarming:cotton_seeds":1,"simplefarming:onion_seeds":1,"alexsmobs:maggot":1,"minecraft:tuff":78,"minecraft:wither_skeleton_skull":1,"minecraft:light_gray_wool":1,"minecraft:stripped_acacia_wood":3,"simplefarming:kenaf_seeds":1,"minecraft:shield":2,"minecraft:iron_chestplate":1,"minecraft:andesite":33,"minecraft:oak_sapling":6,"minecraft:slime_ball":8,"minecraft:stone_pickaxe":3,"minecraft:calcite":7},"minecraft:killed_by":{"minecraft:zombie":13,"alexscaves:teletor":1,"minecraft:skeleton":12},"minecraft:used":{"minecraft:ladder":2,"minecraft:chest":1,"minecraft:stone":1,"minecraft:rotten_flesh":6,"simplefarming:squash_seeds":1,"born_in_chaos_v1:smoked_flesh":10,"minecraft:bow":60,"minecraft:oak_sapling":6,"minecraft:furnace":17,"minecraft:egg":3,"immersive_aircraft:biplane":29,"minecraft:potato":93,"minecraft:diorite":11,"minecraft:wooden_pickaxe":118,"biomesoplenty:flowering_oak_sapling":1,"minecraft:golden_apple":8,"minecraft:glow_berries":7,"minecraft:sand":1,"simplyswords:iron_halberd":494,"biomesoplenty:jacaranda_planks":304,"pfm:working_table":2,"jeg:scrap_block":1,"minecraft:cyan_carpet":2,"minecraft:diamond_sword":29,"minecraft:coal_block":3,"minecraft:birch_log":3,"biomesoplenty:jacaranda_sign":4,"minecraft:stone_sword":125,"biomesoplenty:redwood_door":1,"born_in_chaos_v1:ethereal_spirit":3,"tombstone:scroll_of_frost_resistance":1,"minecraft:netherrack":10,"minecraft:torch":475,"alexscaves:metal_swarf":6,"minecraft:iron_axe":500,"biomesoplenty:tall_lavender":1,"minecraft:smooth_quartz":68,"biomesoplenty:jacaranda_log":2,"minecraft:barrel":8,"minecraft:beef":9,"tombstone:gift":6,"minecraft:cobbled_deepslate":152,"minecraft:acacia_planks":1,"minecraft:knowledge_book":142,"minecraft:wheat_seeds":44,"minecraft:water_bucket":42,"minecraft:birch_planks":21,"minecraft:cracked_stone_bricks":1,"minecraft:mossy_cobblestone":1,"minecraft:oak_slab":3,"minecraft:crafting_table":35,"minecraft:white_bed":26,"minecraft:cod":2,"minecraft:oak_log":3,"minecraft:dark_prismarine":4,"minecraft:diamond_pickaxe":110,"minecraft:stripped_jungle_log":2,"simplefarming:strawberry_bush":3,"tombstone:tablet_of_assistance":6,"minecraft:iron_pickaxe":1325,"tombstone:magic_scroll":4,"jeg:scrap_workbench":3,"minecraft:cobblestone":788,"minecraft:cooked_porkchop":30,"minecraft:porkchop":1,"quark:oak_chest":15,"minecraft:stripped_oak_log":7,"minecraft:iron_shovel":324,"minecraft:polished_deepslate":3,"minecraft:shield":544,"minecraft:white_terracotta":1,"minecraft:iron_sword":1,"alexscaves:galena":51,"simplefarming:mango":6,"minecraft:carrot":446,"simplefarming:blueberries":15,"jeg:custom_smg":50,"minecraft:tuff":2,"minecraft:cyan_wool":27,"simplefarming:raspberries":12,"born_in_chaos_v1:corpse_maggot":30,"simplyswords:arcanethyst":3,"minecraft:stone_bricks":11,"jeg:revolver":7,"minecraft:gray_bed":2,"minecraft:dark_oak_stairs":2,"minecraft:stone_pickaxe":3364,"minecraft:oak_planks":47,"biomesoplenty:lavender":1,"simplyswords:diamond_halberd":2680,"simplefarming:blueberry_bush":1,"minecraft:white_wool":2,"simplefarming:strawberries":10,"minecraft:yellow_terracotta":16,"alexscaves:cave_book":2,"minecraft:shears":882,"minecraft:melon_slice":94,"minecraft:bread":167,"tombstone:grave_key":25,"minecraft:gravel":10,"born_in_chaos_v1:rotten_fish":1,"minecraft:andesite":6,"minecraft:coarse_dirt":5,"minecraft:bone_meal":318,"minecraft:cobweb":1,"pfm:oak_gray_simple_bed":4,"quark:birch_chest":2,"minecraft:stone_shovel":375,"biomesoplenty:redwood_planks":22,"minecraft:dried_kelp":1,"minecraft:spruce_planks":71,"minecraft:wooden_shovel":28,"minecraft:stripped_birch_wood":5,"minecraft:stone_hoe":40,"minecraft:oak_door":5,"minecraft:dirt":889,"minecraft:spruce_stairs":3,"minecraft:spruce_fence":1,"minecraft:granite":18,"minecraft:birch_door":2,"minecraft:iron_hoe":28,"minecraft:dark_oak_planks":265,"alexsmobs:maggot":1,"minecraft:light_gray_wool":1,"minecraft:golden_carrot":59,"minecraft:deepslate_tile_stairs":1,"minecraft:cooked_beef":23,"minecraft:enchanted_golden_apple":1,"minecraft:cooked_mutton":13,"biomesoplenty:jacaranda_door":4,"tombstone:scroll_of_knowledge":1,"securitycraft:reinforced_cobblestone":9,"minecraft:baked_potato":292,"simplyswords:iron_twinblade":306,"simplefarming:blackberries":5,"minecraft:smoker":3,"minecraft:apple":11,"minecraft:chicken":1,"minecraft:jungle_stairs":1,"minecraft:stone_axe":273,"minecraft:bucket":43,"minecraft:pumpkin_pie":9,"minecraft:gray_wool":1,"minecraft:smooth_stone":10},"minecraft:picked_up":{"minecraft:wooden_axe":1,"minecraft:iron_chestplate":1,"minecraft:chainmail_boots":1,"minecraft:flower_pot":5,"minecraft:diamond_sword":10,"minecraft:lead":1,"minecraft:oak_stairs":2,"minecraft:enchanted_book":2,"minecraft:knowledge_book":6,"minecraft:polished_deepslate":11,"minecraft:string":211,"simplefarming:zucchini_seeds":3,"zombie_more:acid_drool":5,"pfm:oak_gray_simple_bed":3,"biomesoplenty:tall_lavender":43,"minecraft:cobbled_deepslate":1131,"minecraft:spruce_planks":78,"simplefarming:blackberry_bush":9,"minecraft:enchanted_golden_apple":1,"biomesoplenty:redwood_wood":10,"minecraft:melon_slice":105,"minecraft:coal_block":47,"minecraft:mangrove_log":1,"born_in_chaos_v1:shattered_skull":2,"minecraft:brick_wall":1,"simplefarming:raspberries":12,"minecraft:deepslate_tile_stairs":5,"minecraft:stone_sword":1,"simplefarming:pepper_seeds":1,"minecraft:vex_armor_trim_smithing_template":1,"tombstone:scroll_of_aquatic_life":1,"alexscaves:notor_gizmo":4,"minecraft:white_terracotta":5,"biomesoplenty:lavender":598,"minecraft:birch_log":33,"born_in_chaos_v1:staffof_magic_arrows":1,"minecraft:cooked_beef":4,"biomesoplenty:flowering_oak_leaves":1,"minecraft:water_bucket":1,"minecraft:smoker":2,"alexsmobs:bison_fur":6,"minecraft:flint":23,"jeg:scrap":310,"alexscaves:galena":138,"simplefarming:cucumber_seeds":1,"simplefarming:kenaf_seeds":3,"simplefarming:lettuce_seeds":2,"simplefarming:blueberry_bush":24,"simplefarming:tomato_seeds":1,"minecraft:glowstone_dust":1,"simplefarming:peanut_seeds":3,"minecraft:stripped_acacia_wood":3,"tombstone:scroll_of_feather_fall":1,"undead_revamp2:heavytooth":1,"minecraft:bundle":11,"jeg:scrap_block":1,"minecraft:granite":87,"minecraft:bread":7,"alexsmobs:maggot":2,"born_in_chaos_v1:rotten_fish":20,"sophisticatedbackpacks:gold_backpack":1,"minecraft:coarse_dirt":5,"minecraft:crafting_table":9,"born_in_chaos_v1:seedof_chaos":3,"biomesoplenty:jacaranda_sapling":6,"simplefarming:mango":6,"minecraft:cracked_stone_bricks":7,"minecraft:beef":28,"minecraft:cyan_wool":47,"minecraft:iron_nugget":42,"minecraft:birch_sapling":1,"minecraft:egg":6,"securitycraft:reinforced_cobblestone":20,"minecraft:oak_door":7,"zombie_more:cursed_heart":3,"minecraft:spruce_fence":7,"minecraft:white_dye":1,"simplefarming:onion_seeds":1,"born_in_chaos_v1:pieceofdarkmetal":7,"minecraft:carrot":311,"minecraft:redstone":329,"minecraft:diamond_chestplate":1,"simplyswords:diamond_halberd":1,"biomesoplenty:jacaranda_log":246,"minecraft:beetroot_seeds":2,"minecraft:shears":1,"simplefarming:strawberries":13,"minecraft:yellow_terracotta":18,"tombstone:essence_of_undeath":4,"biomesoplenty:redwood_sapling":1,"minecraft:glow_berries":2,"minecraft:mutton":14,"immersive_aircraft:hull":4,"minecraft:rail":1,"minecraft:white_wool":9,"minecraft:stripped_oak_log":7,"simplefarming:soybean_seeds":2,"born_in_chaos_v1:monster_flesh":3,"simplefarming:rye_seeds":1,"minecraft:oak_log":80,"simplefarming:broccoli_seeds":1,"tombstone:gift":1,"simplefarming:grape_seeds":1,"minecraft:apple":8,"minecraft:stone_bricks":30,"born_in_chaos_v1:smoked_flesh":7,"minecraft:stone_pickaxe":4,"minecraft:cobweb":5,"tombstone:bag_of_seeds":6,"minecraft:gray_bed":4,"minecraft:dark_oak_stairs":11,"minecraft:smooth_basalt":5,"minecraft:daylight_detector":1,"born_in_chaos_v1:ethereal_spirit":7,"immersive_aircraft:boiler":1,"minecraft:gravel":50,"simplefarming:blueberries":18,"biomesoplenty:jacaranda_leaves":825,"simplefarming:raspberry_bush":5,"biomesoplenty:flowering_oak_sapling":1,"minecraft:firework_rocket":1,"minecraft:slime_ball":25,"simplefarming:sweet_potato_seeds":3,"minecraft:gray_wool":1,"minecraft:baked_potato":61,"simplefarming:cotton_seeds":3,"minecraft:ender_pearl":4,"minecraft:wheat":156,"minecraft:stone_brick_stairs":1,"tombstone:grave_key":6,"minecraft:raw_copper":93,"jeg:revolver":4,"minecraft:sea_pickle":1,"immersive_aircraft:propeller":1,"minecraft:smooth_stone":12,"minecraft:bucket":1,"minecraft:rose_bush":1,"minecraft:redstone_torch":1,"minecraft:calcite":7,"minecraft:smooth_quartz":108,"simplefarming:spinach_seeds":1,"minecraft:iron_boots":1,"minecraft:furnace":4,"minecraft:stick":32,"jeg:pistol_ammo":73,"minecraft:torch":74,"alexscaves:raw_azure_neodymium":28,"minecraft:spruce_stairs":5,"simplyswords:arcanethyst":1,"immersive_aircraft:engine":1,"minecraft:porkchop":17,"tombstone:grave_dust":123,"minecraft:diorite":76,"quark:ancient_tome":4,"minecraft:rotten_flesh":301,"born_in_chaos_v1:sea_terror_eye":2,"minecraft:stripped_birch_wood":5,"minecraft:obsidian":24,"undead_revamp2:arapholia":2,"minecraft:cobblestone":2092,"minecraft:enchanting_table":2,"minecraft:lilac":1,"minecraft:andesite":90,"minecraft:potato":571,"alexscaves:cave_book":1,"minecraft:tuff":80,"undead_revamp2:huntereye":2,"minecraft:wither_skeleton_skull":2,"minecraft:lapis_lazuli":53,"minecraft:dirt":1172,"minecraft:stripped_birch_log":1,"zombie_more:crawler_gut":2,"minecraft:bone":429,"minecraft:acacia_planks":1,"minecraft:bow":4,"minecraft:wheat_seeds":415,"minecraft:raw_gold":18,"minecraft:birch_wood":6,"minecraft:oak_planks":37,"simplefarming:corn_seeds":2,"minecraft:cooked_porkchop":3,"minecraft:poisonous_potato":4,"minecraft:sand":1,"minecraft:lily_of_the_valley":2,"minecraft:mossy_cobblestone":2,"minecraft:dark_prismarine":4,"born_in_chaos_v1:fire_dust":1,"minecraft:diamond":11,"minecraft:black_concrete":1,"jeg:custom_smg":4,"minecraft:grass":7,"minecraft:bone_meal":1,"minecraft:emerald":16,"minecraft:oak_sapling":15,"minecraft:netherrack":46,"minecraft:chorus_fruit":2,"born_in_chaos_v1:sea_terror_stomach":1,"minecraft:oak_leaves":1,"simplefarming:pea_seeds":2,"born_in_chaos_v1:diamond_termite_shard":20,"minecraft:allium":6,"minecraft:chicken":1,"minecraft:ladder":3,"minecraft:gold_block":4,"jeg:scrap_workbench":2,"minecraft:chain":3,"minecraft:shield":6,"alexscaves:metal_swarf":6,"minecraft:stone_stairs":1,"immersive_aircraft:biplane":28,"minecraft:item_frame":4,"minecraft:cyan_carpet":151,"minecraft:blue_orchid":1,"minecraft:light_gray_wool":3,"simplefarming:barley_seeds":2,"minecraft:spruce_trapdoor":6,"minecraft:phantom_membrane":11,"minecraft:raw_iron":222,"simplefarming:pear":3,"simplefarming:cantaloupe_seeds":3,"minecraft:copper_ingot":27,"simplyswords:iron_halberd":2,"quark:birch_chest":1,"minecraft:dark_oak_planks":103,"biomesoplenty:redwood_planks":1,"minecraft:arrow":77,"minecraft:golden_hoe":1,"minecraft:jungle_stairs":2,"pfm:working_table":1,"born_in_chaos_v1:fused_bone":3,"born_in_chaos_v1:corpse_maggot":21,"minecraft:golden_carrot":4,"minecraft:leather":9,"minecraft:birch_planks":10,"biomesoplenty:jacaranda_door":1,"quark:smithing_template_rune":2,"biomesoplenty:jacaranda_planks":116,"minecraft:gunpowder":45,"alexscaves:ferrouslime_ball":1,"simplefarming:honeydew_seeds":1,"minecraft:spruce_wood":6,"minecraft:iron_ingot":48,"simplefarming:pear_sapling":1,"jeg:tech_trash":47,"minecraft:book":18,"minecraft:oak_slab":3,"simplefarming:rice_seeds":2,"minecraft:black_candle":2,"minecraft:dripstone_block":2,"minecraft:white_bed":24,"simplefarming:squash_seeds":5,"quark:oak_chest":2,"minecraft:spider_eye":51,"simplefarming:blackberries":10,"minecraft:stripped_jungle_log":2,"simplefarming:strawberry_bush":11,"alexscaves:azure_neodymium_pillar":3,"tombstone:magic_scroll":8,"minecraft:dark_oak_wood":73,"minecraft:coal":385},"minecraft:broken":{"minecraft:shears":3,"minecraft:iron_boots":3,"minecraft:iron_chestplate":4,"minecraft:iron_leggings":2,"simplyswords:iron_twinblade":1,"minecraft:bow":1,"simplyswords:iron_halberd":2,"minecraft:chainmail_leggings":1,"minecraft:stone_sword":1,"minecraft:diamond_leggings":1,"minecraft:chainmail_helmet":3,"minecraft:wooden_pickaxe":2,"minecraft:shield":14,"minecraft:iron_axe":1,"minecraft:iron_pickaxe":4,"minecraft:iron_helmet":3,"minecraft:iron_shovel":1,"minecraft:stone_pickaxe":25,"minecraft:diamond_boots":1,"minecraft:chainmail_chestplate":1,"minecraft:stone_axe":2,"minecraft:stone_shovel":2,"minecraft:diamond_chestplate":2},"minecraft:mined":{"minecraft:dark_oak_planks":117,"minecraft:white_bed":22,"alexscaves:azure_neodymium_pillar":6,"minecraft:obsidian":24,"minecraft:granite":98,"minecraft:coal_block":38,"minecraft:deepslate_tile_stairs":3,"minecraft:spawner":35,"minecraft:magma_block":3,"biomesoplenty:tall_lavender":32,"minecraft:fire":3,"minecraft:cobbled_deepslate":9,"biomesoplenty:lavender":401,"minecraft:deepslate_lapis_ore":8,"minecraft:enchanting_table":1,"minecraft:sculk_shrieker":3,"biomesoplenty:webbing":9,"minecraft:oak_stairs":2,"minecraft:spruce_wood":6,"horror_element_mod:spiked_body":1,"biomesoplenty:jacaranda_leaves":947,"biomesoplenty:jacaranda_planks":85,"minecraft:smoker":2,"born_in_chaos_v1:infected_deepslate_diamond_ore":6,"minecraft:torch":23,"minecraft:dark_oak_wood":75,"minecraft:melon":21,"alexscaves:energized_galena_scarlet":19,"minecraft:sugar_cane":1,"minecraft:chain":2,"simplefarming:squash_stem":1,"minecraft:white_terracotta":4,"minecraft:cyan_wool":43,"minecraft:repeater":1,"minecraft:wheat":20,"minecraft:lilac":2,"minecraft:stone_brick_stairs":1,"minecraft:grass":455,"quark:birch_chest":1,"horror_element_mod:dead_cow":1,"minecraft:smooth_quartz":106,"minecraft:stripped_birch_wood":9,"minecraft:deepslate":1196,"minecraft:yellow_terracotta":16,"minecraft:dark_prismarine":3,"minecraft:mossy_cobblestone":5,"minecraft:stripped_birch_log":2,"minecraft:allium":1,"minecraft:spruce_fence":3,"alexscaves:galena":118,"minecraft:redstone_ore":2,"biomesoplenty:jacaranda_log":258,"minecraft:andesite":90,"minecraft:potatoes":16,"biomesoplenty:high_grass":15,"biomesoplenty:barley":75,"simplefarming:blueberry_bush":21,"minecraft:oak_slab":3,"biomesoplenty:redwood_planks":1,"jeg:scrap_ore":134,"quark:oak_chest":1,"minecraft:potted_lily_of_the_valley":2,"minecraft:stone_brick_slab":1,"biomesoplenty:high_grass_plant":30,"minecraft:copper_ore":30,"minecraft:tall_grass":41,"minecraft:deepslate_gold_ore":18,"minecraft:diorite":70,"jeg:deepslate_scrap_ore":37,"jeg:scrap_workbench":2,"minecraft:coarse_dirt":6,"minecraft:birch_leaves":19,"minecraft:gravel":73,"minecraft:dripstone_block":1,"minecraft:cobweb":18,"minecraft:acacia_planks":1,"minecraft:stone_bricks":29,"minecraft:fern":1,"simplefarming:raspberry_bush":12,"minecraft:spruce_planks":92,"minecraft:oak_sapling":2,"minecraft:farmland":2,"minecraft:mossy_stone_brick_slab":1,"minecraft:sculk_vein":16,"minecraft:spruce_trapdoor":6,"minecraft:grass_block":723,"biomesoplenty:flowering_oak_leaves":13,"minecraft:frosted_ice":1,"simplefarming:blackberry_bush":5,"minecraft:smooth_stone":3,"minecraft:sculk_catalyst":11,"minecraft:iron_ore":156,"minecraft:dark_oak_stairs":6,"minecraft:deepslate_redstone_ore":68,"minecraft:quartz_block":5,"jeg:scrap_block":1,"minecraft:jungle_stairs":2,"minecraft:cobblestone":122,"minecraft:birch_wood":7,"minecraft:oak_planks":28,"minecraft:wall_torch":16,"minecraft:seagrass":1,"minecraft:birch_log":32,"minecraft:light_gray_wool":3,"biomesoplenty:clover":18,"minecraft:oak_log":78,"minecraft:beetroots":2,"minecraft:sand":3,"minecraft:dirt":336,"pfm:oak_gray_simple_bed":3,"minecraft:netherrack":57,"minecraft:oak_leaves":124,"minecraft:daylight_detector":1,"minecraft:tuff":96,"minecraft:deepslate_diamond_ore":10,"minecraft:oak_door":2,"born_in_chaos_v1:infected_diamond_ore":3,"minecraft:ladder":4,"biomesoplenty:bush":46,"minecraft:white_stained_glass":2,"alexscaves:galena_spire":1,"minecraft:spruce_leaves":10,"minecraft:furnace":4,"minecraft:carrots":15,"alexscaves:energized_galena_azure":14,"minecraft:gold_block":3,"minecraft:polished_deepslate":10,"minecraft:bookshelf":6,"minecraft:deepslate_iron_ore":25,"minecraft:stripped_jungle_log":2,"minecraft:stripped_oak_log":1,"minecraft:stone":1888,"simplefarming:strawberry_bush":11,"minecraft:brick_wall":1,"minecraft:crafting_table":9,"minecraft:oak_wood":3,"minecraft:rose_bush":2,"minecraft:sculk_sensor":41,"alexscaves:metal_swarf":9,"biomesoplenty:sprout":1,"minecraft:lapis_ore":6,"biomesoplenty:huge_clover_petal":23,"minecraft:sculk":27,"minecraft:spruce_stairs":2,"minecraft:birch_planks":11,"minecraft:sea_pickle":1,"alexscaves:galena_iron_ore":20,"biomesoplenty:yellow_autumn_leaves":8,"simplefarming:pear_leaves":3,"minecraft:gray_bed":4,"pfm:working_table":1,"minecraft:coal_ore":108,"biomesoplenty:redwood_leaves":9,"minecraft:cyan_carpet":83,"minecraft:cracked_stone_bricks":6,"minecraft:stripped_acacia_wood":3,"minecraft:polished_andesite":1,"biomesoplenty:redwood_wood":10},"minecraft:crafted":{"quark:birch_chest":2,"minecraft:cooked_mutton":13,"minecraft:repeater":1,"minecraft:birch_door":3,"biomesoplenty:jacaranda_sign":6,"minecraft:wooden_shovel":1,"minecraft:cooked_porkchop":12,"minecraft:copper_ingot":28,"pfm:working_table":1,"quark:oak_chest":15,"minecraft:iron_pickaxe":6,"minecraft:gold_ingot":81,"minecraft:stone_shovel":3,"minecraft:iron_nugget":9,"immersive_aircraft:biplane":1,"minecraft:bone_meal":318,"minecraft:diamond":10,"jeg:scrap_workbench":1,"minecraft:stone_pickaxe":26,"biomesoplenty:jacaranda_door":3,"minecraft:diamond_boots":1,"minecraft:dark_oak_planks":276,"biomesoplenty:redwood_door":3,"biomesoplenty:redwood_planks":40,"simplyswords:iron_halberd":2,"sophisticatedbackpacks:gold_backpack":2,"minecraft:iron_shovel":1,"minecraft:iron_leggings":4,"minecraft:white_bed":2,"minecraft:oak_planks":228,"minecraft:cobblestone_slab":6,"minecraft:barrel":8,"minecraft:stone":21,"minecraft:heavy_weighted_pressure_plate":1,"minecraft:iron_boots":3,"tombstone:grave_key":1,"minecraft:chest":1,"minecraft:stone_hoe":1,"minecraft:smoker":1,"sophisticatedbackpacks:backpack":1,"biomesoplenty:jacaranda_planks":487,"minecraft:crafting_table":27,"minecraft:spruce_planks":24,"minecraft:iron_helmet":4,"minecraft:baked_potato":379,"minecraft:wooden_pickaxe":2,"minecraft:birch_planks":140,"biomesoplenty:jacaranda_slab":24,"minecraft:iron_chestplate":4,"minecraft:diamond_pickaxe":1,"minecraft:shield":12,"minecraft:stick":220,"minecraft:iron_ingot":164,"minecraft:stone_sword":1,"simplyswords:diamond_halberd":1,"minecraft:shears":5,"minecraft:coal":207,"simplyswords:iron_twinblade":2,"minecraft:furnace":13,"minecraft:stone_button":10,"minecraft:iron_axe":2,"minecraft:iron_hoe":1,"sophisticatedbackpacks:iron_backpack":1,"minecraft:cooked_beef":23,"minecraft:dark_oak_stairs":4,"minecraft:mangrove_planks":4,"minecraft:stone_axe":2,"minecraft:air":0,"minecraft:bread":59,"jeg:scrap_block":1,"minecraft:white_wool":3,"minecraft:torch":392,"minecraft:diamond_chestplate":1,"minecraft:firework_rocket":3},"minecraft:custom":{"minecraft:interact_with_crafting_table":224,"minecraft:open_barrel":113,"minecraft:bell_ring":6,"minecraft:leave_game":33,"minecraft:time_since_death":45458,"minecraft:damage_blocked_by_shield":45987,"minecraft:play_time":2020243,"minecraft:deaths":157,"minecraft:jump":20753,"minecraft:interact_with_furnace":199,"minecraft:sleep_in_bed":41,"minecraft:damage_dealt":162619,"tombstone:undead_killed":427,"minecraft:interact_with_smoker":17,"minecraft:interact_with_anvil":6,"minecraft:damage_dealt_absorbed":4,"minecraft:sneak_time":90107,"minecraft:interact_with_blast_furnace":13,"minecraft:total_world_time":2020243,"tombstone:raider_killed":3,"minecraft:tune_noteblock":24,"minecraft:time_since_rest":5217,"tombstone:cast_on_ally":2,"minecraft:swim_one_cm":201496,"minecraft:fly_one_cm":3606854,"minecraft:open_chest":521,"minecraft:fall_one_cm":492401,"minecraft:damage_resisted":58,"minecraft:sprint_one_cm":4710826,"minecraft:drop":868,"minecraft:play_noteblock":3,"minecraft:talked_to_villager":5,"minecraft:walk_on_water_one_cm":267954,"minecraft:interact_with_loom":4,"minecraft:player_kills":2,"minecraft:crouch_one_cm":220715,"minecraft:mob_kills":680,"minecraft:damage_dealt_resisted":31953,"minecraft:climb_one_cm":42483,"minecraft:walk_one_cm":3958342,"minecraft:walk_under_water_one_cm":187484,"minecraft:damage_taken":97332,"minecraft:damage_absorbed":507},"minecraft:killed":{"zombie_more:cursed_zombie":9,"minecraft:cave_spider":69,"born_in_chaos_v1:zombie_lumberjack":1,"born_in_chaos_v1:restless_spirit":2,"born_in_chaos_v1:siamese_skeletonsright":1,"born_in_chaos_v1:baby_skeleton_minion":2,"undead_revamp2:theswarmer":3,"minecraft:skeleton":79,"minecraft:chicken":1,"undead_revamp2:thepregnant":1,"undead_revamp2:thespitter":1,"undead_revamp2:theheavy":2,"minecraft:goat":1,"minecraft:zombie":81,"born_in_chaos_v1:corpse_fly":13,"born_in_chaos_v1:door_knight":1,"minecraft:cow":8,"undead_revamp2:thehunter":7,"alexscaves:ferrouslime":1,"undead_revamp2:bomber":1,"born_in_chaos_v1:spiritof_chaos":1,"born_in_chaos_v1:bone_imp_minion":1,"undead_revamp2:the_moonflower":12,"born_in_chaos_v1:decrepit_skeleton":8,"undead_revamp2:thewolf":2,"born_in_chaos_v1:zombie_clown":1,"minecraft:witch":1,"minecraft:spider":41,"minecraft:bee":2,"undead_revamp2:therod":3,"alexscaves:notor":4,"zombie_more:boomer_zombie":5,"born_in_chaos_v1:bonescaller":2,"minecraft:pig":7,"born_in_chaos_v1:diamond_termite":15,"minecraft:zombie_villager":1,"born_in_chaos_v1:glutton_fish":1,"undead_revamp2:thebeartamer":1,"minecraft:creeper":13,"minecraft:sheep":10,"undead_revamp2:thebidyupside":1,"zombie_more:explosive_zombie":1,"born_in_chaos_v1:dread_hound":6,"alexsmobs:fly":2,"born_in_chaos_v1:siamese_skeletonsleft":2,"born_in_chaos_v1:zombie_bruiser":3,"born_in_chaos_v1:maggot":17,"minecraft:phantom":5,"alexsmobs:bison":3,"minecraft:drowned":1,"born_in_chaos_v1:corpse_fish":5,"undead_revamp2:sucker":5,"born_in_chaos_v1:fallen_chaos_knight":1,"zombie_more:crawler_zombie":12,"minecraft:hoglin":2,"minecraft:wither_skeleton":175}},"DataVersion":3465}