{"stats":{"minecraft:broken":{"minecraft:iron_boots":3,"minecraft:iron_chestplate":1,"minecraft:iron_leggings":1,"minecraft:stone_pickaxe":25,"simplyswords:iron_twinblade":1,"minecraft:stone_axe":1,"minecraft:bow":1,"minecraft:stone_shovel":1,"simplyswords:iron_halberd":2,"minecraft:diamond_chestplate":1,"minecraft:stone_sword":1,"minecraft:wooden_pickaxe":2,"minecraft:shield":4,"minecraft:iron_pickaxe":4,"minecraft:iron_helmet":2},"minecraft:crafted":{"minecraft:oak_planks":152,"minecraft:cobblestone_slab":6,"minecraft:barrel":8,"quark:birch_chest":2,"minecraft:stone":21,"minecraft:heavy_weighted_pressure_plate":1,"minecraft:cooked_mutton":13,"minecraft:repeater":1,"minecraft:iron_boots":3,"tombstone:grave_key":1,"minecraft:chest":1,"minecraft:birch_door":3,"biomesoplenty:jacaranda_sign":6,"minecraft:stone_hoe":1,"minecraft:smoker":1,"sophisticatedbackpacks:backpack":1,"biomesoplenty:jacaranda_planks":459,"minecraft:cooked_porkchop":6,"minecraft:crafting_table":13,"minecraft:wooden_pickaxe":2,"minecraft:iron_helmet":4,"minecraft:baked_potato":57,"minecraft:copper_ingot":28,"minecraft:birch_planks":120,"biomesoplenty:jacaranda_slab":24,"pfm:working_table":1,"minecraft:iron_chestplate":4,"minecraft:shield":6,"minecraft:stick":136,"quark:oak_chest":8,"minecraft:iron_ingot":164,"minecraft:iron_pickaxe":5,"minecraft:stone_sword":1,"minecraft:gold_ingot":36,"simplyswords:diamond_halberd":1,"minecraft:coal":54,"minecraft:stone_shovel":1,"simplyswords:iron_twinblade":2,"minecraft:iron_nugget":9,"minecraft:furnace":11,"minecraft:stone_button":10,"immersive_aircraft:biplane":1,"minecraft:bone_meal":6,"minecraft:diamond":1,"jeg:scrap_workbench":1,"minecraft:stone_pickaxe":26,"minecraft:diamond_boots":1,"biomesoplenty:jacaranda_door":3,"sophisticatedbackpacks:iron_backpack":1,"minecraft:cooked_beef":23,"biomesoplenty:redwood_door":3,"biomesoplenty:redwood_planks":36,"simplyswords:iron_halberd":2,"sophisticatedbackpacks:gold_backpack":2,"minecraft:mangrove_planks":4,"minecraft:stone_axe":2,"jeg:scrap_block":1,"minecraft:bread":31,"minecraft:air":0,"minecraft:iron_leggings":4,"minecraft:torch":160,"minecraft:firework_rocket":3},"minecraft:killed_by":{"minecraft:zombie":11,"alexscaves:teletor":1,"minecraft:skeleton":3},"minecraft:custom":{"minecraft:interact_with_crafting_table":175,"minecraft:open_barrel":112,"minecraft:bell_ring":6,"minecraft:leave_game":24,"minecraft:time_since_death":5694,"minecraft:damage_resisted":58,"minecraft:sprint_one_cm":3517066,"minecraft:damage_blocked_by_shield":12065,"minecraft:drop":401,"minecraft:talked_to_villager":3,"minecraft:play_time":1428362,"minecraft:deaths":120,"minecraft:jump":16379,"minecraft:walk_on_water_one_cm":108754,"minecraft:interact_with_furnace":169,"minecraft:interact_with_loom":4,"minecraft:sleep_in_bed":30,"minecraft:damage_dealt":58762,"minecraft:player_kills":2,"minecraft:crouch_one_cm":133047,"tombstone:undead_killed":194,"minecraft:interact_with_smoker":17,"minecraft:interact_with_anvil":3,"minecraft:mob_kills":319,"minecraft:damage_dealt_resisted":5672,"minecraft:climb_one_cm":40140,"minecraft:walk_one_cm":2669872,"minecraft:damage_dealt_absorbed":4,"minecraft:sneak_time":56032,"minecraft:walk_under_water_one_cm":102524,"minecraft:interact_with_blast_furnace":13,"minecraft:total_world_time":1428362,"tombstone:raider_killed":3,"minecraft:time_since_rest":5237,"minecraft:damage_taken":56391,"minecraft:damage_absorbed":160,"minecraft:swim_one_cm":140472,"minecraft:fly_one_cm":2876858,"minecraft:open_chest":262,"minecraft:fall_one_cm":417708},"minecraft:used":{"minecraft:polished_deepslate":3,"minecraft:ladder":2,"minecraft:chest":1,"minecraft:white_terracotta":1,"minecraft:shield":211,"minecraft:stone":1,"minecraft:iron_sword":1,"alexscaves:galena":51,"minecraft:rotten_flesh":6,"minecraft:carrot":190,"jeg:custom_smg":50,"simplefarming:blueberries":15,"minecraft:tuff":2,"simplefarming:raspberries":12,"born_in_chaos_v1:corpse_maggot":29,"born_in_chaos_v1:smoked_flesh":10,"minecraft:stone_bricks":10,"minecraft:bow":14,"minecraft:furnace":15,"minecraft:oak_sapling":6,"jeg:revolver":7,"minecraft:gray_bed":2,"minecraft:egg":3,"immersive_aircraft:biplane":16,"minecraft:potato":47,"minecraft:diorite":11,"minecraft:stone_pickaxe":3341,"minecraft:oak_planks":44,"minecraft:wooden_pickaxe":118,"simplyswords:diamond_halberd":587,"biomesoplenty:lavender":1,"biomesoplenty:flowering_oak_sapling":1,"simplefarming:blueberry_bush":1,"minecraft:white_wool":2,"simplefarming:strawberries":9,"minecraft:glow_berries":7,"alexscaves:cave_book":2,"simplyswords:iron_halberd":494,"biomesoplenty:jacaranda_planks":255,"pfm:working_table":2,"jeg:scrap_block":1,"minecraft:bread":31,"tombstone:grave_key":14,"minecraft:gravel":10,"minecraft:coal_block":3,"minecraft:birch_log":3,"minecraft:andesite":6,"biomesoplenty:jacaranda_sign":4,"minecraft:bone_meal":6,"minecraft:coarse_dirt":5,"pfm:oak_gray_simple_bed":4,"minecraft:stone_sword":125,"quark:birch_chest":2,"biomesoplenty:redwood_door":1,"minecraft:stone_shovel":143,"biomesoplenty:redwood_planks":22,"minecraft:dried_kelp":1,"minecraft:spruce_planks":1,"minecraft:stripped_birch_wood":5,"minecraft:stone_hoe":40,"minecraft:netherrack":10,"minecraft:oak_door":5,"minecraft:torch":230,"minecraft:dirt":501,"alexscaves:metal_swarf":6,"minecraft:granite":18,"minecraft:birch_door":2,"alexsmobs:maggot":1,"biomesoplenty:tall_lavender":1,"minecraft:smooth_quartz":1,"biomesoplenty:jacaranda_log":1,"minecraft:barrel":8,"minecraft:golden_carrot":16,"minecraft:beef":9,"minecraft:deepslate_tile_stairs":1,"tombstone:gift":6,"minecraft:cooked_beef":23,"minecraft:cobbled_deepslate":152,"minecraft:enchanted_golden_apple":1,"minecraft:knowledge_book":142,"minecraft:wheat_seeds":31,"minecraft:cooked_mutton":13,"biomesoplenty:jacaranda_door":4,"minecraft:water_bucket":9,"securitycraft:reinforced_cobblestone":9,"minecraft:birch_planks":21,"minecraft:baked_potato":94,"minecraft:cracked_stone_bricks":1,"minecraft:mossy_cobblestone":1,"minecraft:cod":2,"simplyswords:iron_twinblade":306,"minecraft:oak_slab":3,"minecraft:crafting_table":21,"simplefarming:blackberries":5,"minecraft:white_bed":17,"minecraft:smoker":3,"minecraft:oak_log":3,"minecraft:apple":11,"minecraft:chicken":1,"minecraft:stripped_jungle_log":2,"simplefarming:strawberry_bush":3,"tombstone:tablet_of_assistance":6,"minecraft:iron_pickaxe":1192,"tombstone:magic_scroll":1,"minecraft:jungle_stairs":1,"jeg:scrap_workbench":3,"minecraft:stone_axe":248,"minecraft:cobblestone":788,"minecraft:porkchop":1,"minecraft:cooked_porkchop":9,"minecraft:bucket":8,"minecraft:pumpkin_pie":3,"quark:oak_chest":8,"minecraft:stripped_oak_log":7,"minecraft:gray_wool":1},"minecraft:killed":{"undead_revamp2:thewolf":2,"zombie_more:cursed_zombie":9,"born_in_chaos_v1:zombie_clown":1,"minecraft:cave_spider":3,"minecraft:witch":1,"born_in_chaos_v1:restless_spirit":1,"born_in_chaos_v1:zombie_lumberjack":1,"minecraft:spider":1,"born_in_chaos_v1:siamese_skeletonsright":1,"undead_revamp2:theswarmer":2,"born_in_chaos_v1:baby_skeleton_minion":2,"minecraft:skeleton":23,"minecraft:chicken":1,"undead_revamp2:therod":3,"undead_revamp2:thepregnant":1,"undead_revamp2:thespitter":1,"alexscaves:notor":4,"zombie_more:boomer_zombie":5,"born_in_chaos_v1:bonescaller":2,"minecraft:pig":7,"born_in_chaos_v1:diamond_termite":15,"undead_revamp2:theheavy":2,"undead_revamp2:thebeartamer":1,"minecraft:creeper":10,"minecraft:sheep":10,"undead_revamp2:thebidyupside":1,"minecraft:goat":1,"minecraft:zombie":79,"zombie_more:explosive_zombie":1,"born_in_chaos_v1:dread_hound":5,"born_in_chaos_v1:corpse_fly":10,"alexsmobs:fly":2,"born_in_chaos_v1:door_knight":1,"born_in_chaos_v1:siamese_skeletonsleft":2,"minecraft:cow":8,"undead_revamp2:thehunter":7,"alexscaves:ferrouslime":1,"born_in_chaos_v1:zombie_bruiser":2,"born_in_chaos_v1:maggot":14,"minecraft:phantom":5,"alexsmobs:bison":3,"born_in_chaos_v1:corpse_fish":2,"undead_revamp2:sucker":3,"born_in_chaos_v1:spiritof_chaos":1,"born_in_chaos_v1:fallen_chaos_knight":1,"born_in_chaos_v1:bone_imp_minion":1,"zombie_more:crawler_zombie":9,"undead_revamp2:the_moonflower":12,"minecraft:hoglin":2,"born_in_chaos_v1:decrepit_skeleton":8,"minecraft:wither_skeleton":10},"minecraft:mined":{"simplefarming:raspberry_bush":12,"minecraft:spruce_planks":11,"minecraft:white_bed":15,"minecraft:oak_sapling":2,"minecraft:mossy_stone_brick_slab":1,"minecraft:sculk_vein":16,"alexscaves:azure_neodymium_pillar":6,"minecraft:granite":98,"minecraft:grass_block":260,"biomesoplenty:flowering_oak_leaves":8,"minecraft:coal_block":5,"minecraft:deepslate_tile_stairs":3,"simplefarming:blackberry_bush":5,"minecraft:spawner":8,"minecraft:smooth_stone":1,"minecraft:magma_block":3,"biomesoplenty:tall_lavender":14,"minecraft:sculk_catalyst":11,"minecraft:iron_ore":156,"minecraft:cobbled_deepslate":9,"minecraft:fire":3,"biomesoplenty:lavender":87,"minecraft:deepslate_lapis_ore":8,"minecraft:sculk_shrieker":3,"biomesoplenty:webbing":9,"horror_element_mod:spiked_body":1,"biomesoplenty:jacaranda_leaves":51,"minecraft:deepslate_redstone_ore":68,"minecraft:quartz_block":5,"jeg:scrap_block":1,"biomesoplenty:jacaranda_planks":54,"minecraft:smoker":2,"born_in_chaos_v1:infected_deepslate_diamond_ore":6,"minecraft:torch":20,"minecraft:jungle_stairs":2,"alexscaves:energized_galena_scarlet":19,"minecraft:cobblestone":122,"minecraft:sugar_cane":1,"minecraft:oak_planks":28,"minecraft:wall_torch":13,"minecraft:chain":2,"minecraft:seagrass":1,"minecraft:white_terracotta":4,"minecraft:repeater":1,"minecraft:birch_log":32,"minecraft:wheat":16,"minecraft:lilac":1,"minecraft:light_gray_wool":3,"minecraft:stone_brick_stairs":1,"minecraft:grass":185,"quark:birch_chest":1,"biomesoplenty:clover":18,"minecraft:oak_log":58,"horror_element_mod:dead_cow":1,"minecraft:smooth_quartz":1,"minecraft:dirt":271,"pfm:oak_gray_simple_bed":3,"minecraft:stripped_birch_wood":9,"minecraft:netherrack":57,"minecraft:deepslate":1196,"minecraft:oak_leaves":120,"minecraft:daylight_detector":1,"minecraft:tuff":96,"minecraft:mossy_cobblestone":5,"minecraft:deepslate_diamond_ore":10,"minecraft:oak_door":2,"minecraft:stripped_birch_log":2,"born_in_chaos_v1:infected_diamond_ore":3,"minecraft:ladder":4,"biomesoplenty:bush":44,"minecraft:allium":1,"minecraft:spruce_fence":1,"minecraft:white_stained_glass":2,"minecraft:spruce_leaves":10,"alexscaves:galena_spire":1,"alexscaves:galena":118,"biomesoplenty:jacaranda_log":119,"minecraft:redstone_ore":2,"minecraft:furnace":4,"minecraft:carrots":9,"alexscaves:energized_galena_azure":14,"minecraft:andesite":90,"minecraft:polished_deepslate":9,"minecraft:potatoes":10,"biomesoplenty:high_grass":15,"minecraft:deepslate_iron_ore":25,"minecraft:stripped_oak_log":1,"minecraft:stripped_jungle_log":2,"biomesoplenty:barley":75,"minecraft:stone":1848,"simplefarming:strawberry_bush":11,"simplefarming:blueberry_bush":20,"minecraft:oak_slab":3,"biomesoplenty:redwood_planks":1,"jeg:scrap_ore":134,"quark:oak_chest":1,"minecraft:potted_lily_of_the_valley":2,"minecraft:brick_wall":1,"minecraft:stone_brick_slab":1,"minecraft:crafting_table":9,"minecraft:sculk_sensor":41,"alexscaves:metal_swarf":9,"biomesoplenty:high_grass_plant":30,"minecraft:tall_grass":23,"minecraft:copper_ore":30,"biomesoplenty:huge_clover_petal":23,"minecraft:deepslate_gold_ore":18,"biomesoplenty:sprout":1,"minecraft:lapis_ore":6,"minecraft:sculk":27,"minecraft:diorite":70,"jeg:deepslate_scrap_ore":37,"minecraft:birch_planks":11,"jeg:scrap_workbench":2,"minecraft:coarse_dirt":6,"alexscaves:galena_iron_ore":20,"biomesoplenty:yellow_autumn_leaves":8,"simplefarming:pear_leaves":3,"minecraft:gray_bed":4,"minecraft:birch_leaves":13,"pfm:working_table":1,"minecraft:coal_ore":108,"biomesoplenty:redwood_leaves":9,"minecraft:gravel":73,"minecraft:dripstone_block":1,"minecraft:cobweb":6,"minecraft:cracked_stone_bricks":6,"minecraft:stone_bricks":28,"minecraft:stripped_acacia_wood":3,"minecraft:polished_andesite":1,"biomesoplenty:redwood_wood":9,"minecraft:fern":1},"minecraft:picked_up":{"minecraft:wooden_axe":1,"minecraft:iron_chestplate":1,"minecraft:wheat":66,"minecraft:flower_pot":5,"minecraft:lead":1,"minecraft:enchanted_book":2,"minecraft:knowledge_book":5,"minecraft:stone_brick_stairs":1,"tombstone:grave_key":6,"minecraft:polished_deepslate":11,"minecraft:string":18,"minecraft:raw_copper":93,"zombie_more:acid_drool":5,"pfm:oak_gray_simple_bed":3,"biomesoplenty:tall_lavender":24,"jeg:revolver":4,"immersive_aircraft:propeller":1,"minecraft:smooth_stone":10,"minecraft:cobbled_deepslate":1131,"minecraft:bucket":1,"minecraft:spruce_planks":8,"minecraft:calcite":7,"simplefarming:blackberry_bush":9,"minecraft:smooth_quartz":1,"minecraft:enchanted_golden_apple":1,"biomesoplenty:redwood_wood":9,"minecraft:coal_block":8,"minecraft:mangrove_log":1,"minecraft:iron_boots":1,"minecraft:furnace":4,"minecraft:stick":20,"born_in_chaos_v1:shattered_skull":2,"jeg:pistol_ammo":73,"minecraft:brick_wall":1,"minecraft:torch":63,"alexscaves:raw_azure_neodymium":28,"minecraft:porkchop":17,"immersive_aircraft:engine":1,"simplefarming:raspberries":12,"tombstone:grave_dust":45,"minecraft:diorite":76,"minecraft:deepslate_tile_stairs":5,"minecraft:stone_sword":1,"minecraft:rotten_flesh":267,"minecraft:vex_armor_trim_smithing_template":1,"alexscaves:notor_gizmo":4,"minecraft:white_terracotta":5,"minecraft:stripped_birch_wood":5,"undead_revamp2:arapholia":2,"minecraft:cobblestone":2058,"minecraft:birch_log":33,"biomesoplenty:lavender":137,"born_in_chaos_v1:staffof_magic_arrows":1,"minecraft:cooked_beef":4,"minecraft:water_bucket":1,"minecraft:andesite":90,"alexsmobs:bison_fur":6,"minecraft:smoker":2,"minecraft:potato":164,"alexscaves:cave_book":1,"minecraft:flint":23,"minecraft:tuff":80,"undead_revamp2:huntereye":2,"jeg:scrap":310,"minecraft:stripped_birch_log":1,"minecraft:dirt":639,"minecraft:lapis_lazuli":53,"zombie_more:crawler_gut":2,"alexscaves:galena":138,"simplefarming:cucumber_seeds":1,"minecraft:bone":69,"minecraft:bow":2,"minecraft:wheat_seeds":182,"simplefarming:kenaf_seeds":1,"simplefarming:lettuce_seeds":1,"minecraft:raw_gold":18,"simplefarming:blueberry_bush":23,"simplefarming:tomato_seeds":1,"minecraft:glowstone_dust":1,"minecraft:oak_planks":37,"simplefarming:peanut_seeds":1,"simplefarming:corn_seeds":2,"minecraft:cooked_porkchop":3,"minecraft:stripped_acacia_wood":3,"minecraft:lily_of_the_valley":2,"minecraft:mossy_cobblestone":2,"undead_revamp2:heavytooth":1,"jeg:scrap_block":1,"minecraft:bundle":2,"born_in_chaos_v1:fire_dust":1,"minecraft:diamond":10,"minecraft:black_concrete":1,"jeg:custom_smg":4,"minecraft:granite":87,"minecraft:bone_meal":1,"alexsmobs:maggot":2,"minecraft:oak_sapling":14,"minecraft:chorus_fruit":2,"minecraft:netherrack":46,"sophisticatedbackpacks:gold_backpack":1,"minecraft:crafting_table":9,"born_in_chaos_v1:diamond_termite_shard":20,"minecraft:coarse_dirt":5,"simplefarming:pea_seeds":1,"minecraft:allium":6,"minecraft:chicken":1,"minecraft:ladder":3,"born_in_chaos_v1:seedof_chaos":3,"biomesoplenty:jacaranda_sapling":2,"jeg:scrap_workbench":2,"minecraft:chain":3,"alexscaves:metal_swarf":6,"minecraft:stone_stairs":1,"immersive_aircraft:biplane":15,"minecraft:item_frame":4,"minecraft:cracked_stone_bricks":7,"minecraft:beef":28,"minecraft:iron_nugget":36,"minecraft:light_gray_wool":3,"minecraft:birch_sapling":1,"minecraft:phantom_membrane":11,"minecraft:egg":3,"minecraft:raw_iron":222,"securitycraft:reinforced_cobblestone":20,"simplefarming:pear":3,"minecraft:oak_door":7,"simplefarming:cantaloupe_seeds":2,"minecraft:copper_ingot":27,"zombie_more:cursed_heart":3,"minecraft:white_dye":1,"simplyswords:iron_halberd":2,"quark:birch_chest":1,"born_in_chaos_v1:pieceofdarkmetal":7,"minecraft:carrot":113,"minecraft:redstone":329,"biomesoplenty:redwood_planks":1,"minecraft:arrow":38,"minecraft:diamond_chestplate":1,"biomesoplenty:jacaranda_log":116,"minecraft:jungle_stairs":2,"minecraft:golden_hoe":1,"simplefarming:strawberries":13,"pfm:working_table":1,"tombstone:essence_of_undeath":2,"biomesoplenty:redwood_sapling":1,"minecraft:mutton":14,"minecraft:glow_berries":2,"immersive_aircraft:hull":4,"minecraft:white_wool":9,"minecraft:rail":1,"born_in_chaos_v1:fused_bone":3,"minecraft:stripped_oak_log":7,"born_in_chaos_v1:corpse_maggot":20,"simplefarming:soybean_seeds":2,"born_in_chaos_v1:monster_flesh":3,"minecraft:leather":9,"minecraft:birch_planks":10,"biomesoplenty:jacaranda_door":1,"minecraft:oak_log":60,"simplefarming:rye_seeds":1,"biomesoplenty:jacaranda_planks":82,"minecraft:gunpowder":42,"alexscaves:ferrouslime_ball":1,"minecraft:apple":8,"minecraft:stone_bricks":29,"minecraft:iron_ingot":48,"born_in_chaos_v1:smoked_flesh":7,"minecraft:stone_pickaxe":4,"tombstone:bag_of_seeds":2,"minecraft:cobweb":4,"simplefarming:pear_sapling":1,"minecraft:gray_bed":4,"jeg:tech_trash":47,"minecraft:oak_slab":3,"minecraft:black_candle":2,"minecraft:smooth_basalt":5,"minecraft:daylight_detector":1,"born_in_chaos_v1:ethereal_spirit":6,"immersive_aircraft:boiler":1,"simplefarming:blueberries":17,"minecraft:dripstone_block":2,"minecraft:gravel":50,"minecraft:white_bed":16,"simplefarming:squash_seeds":2,"quark:oak_chest":2,"simplefarming:raspberry_bush":5,"minecraft:spider_eye":3,"simplefarming:blackberries":10,"biomesoplenty:flowering_oak_sapling":1,"minecraft:stripped_jungle_log":2,"minecraft:firework_rocket":1,"minecraft:slime_ball":25,"simplefarming:strawberry_bush":11,"simplefarming:sweet_potato_seeds":1,"minecraft:gray_wool":1,"alexscaves:azure_neodymium_pillar":3,"minecraft:baked_potato":42,"tombstone:magic_scroll":3,"simplefarming:cotton_seeds":2,"minecraft:coal":322,"minecraft:ender_pearl":4},"minecraft:dropped":{"minecraft:daylight_detector":1,"minecraft:birch_planks":20,"minecraft:oak_log":18,"minecraft:cooked_beef":4,"alexscaves:notor_gizmo":2,"minecraft:baked_potato":5,"minecraft:ender_pearl":3,"immersive_aircraft:boiler":1,"simplefarming:sweet_potato_seeds":1,"minecraft:glow_berries":2,"immersive_aircraft:hull":1,"tombstone:tablet_of_assistance":1,"minecraft:leather":2,"minecraft:cracked_stone_bricks":3,"simplyswords:iron_halberd":2,"alexsmobs:bison_fur":1,"sophisticatedbackpacks:gold_backpack":1,"minecraft:flint":5,"minecraft:deepslate_tile_stairs":2,"born_in_chaos_v1:monster_flesh":1,"simplefarming:pea_seeds":1,"minecraft:dirt":46,"biomesoplenty:jacaranda_sign":2,"minecraft:chain":2,"minecraft:bone_meal":1,"simplefarming:blackberries":5,"minecraft:iron_pickaxe":1,"jeg:tech_trash":14,"simplefarming:lettuce_seeds":1,"simplefarming:squash_seeds":2,"quark:oak_chest":1,"minecraft:bone":14,"minecraft:gravel":7,"simplefarming:cantaloupe_seeds":2,"minecraft:cobbled_deepslate":889,"minecraft:iron_nugget":10,"minecraft:wheat":1,"undead_revamp2:arapholia":1,"simplyswords:iron_twinblade":1,"minecraft:birch_sapling":1,"alexscaves:cave_tablet":4,"born_in_chaos_v1:ethereal_spirit":1,"minecraft:rotten_flesh":100,"born_in_chaos_v1:smoked_flesh":3,"minecraft:oak_planks":6,"biomesoplenty:jacaranda_slab":2,"minecraft:stone_stairs":1,"minecraft:carrot":21,"jeg:revolver":3,"born_in_chaos_v1:seedof_chaos":1,"minecraft:gunpowder":5,"alexscaves:cave_book":1,"simplefarming:strawberry_bush":4,"minecraft:jungle_stairs":1,"born_in_chaos_v1:corpse_maggot":1,"zombie_more:acid_drool":4,"born_in_chaos_v1:diamond_termite_shard":6,"minecraft:stone_brick_stairs":1,"minecraft:netherrack":36,"biomesoplenty:tall_lavender":20,"minecraft:firework_rocket":1,"simplefarming:pear":3,"minecraft:bread":6,"minecraft:iron_ingot":41,"alexscaves:raw_azure_neodymium":10,"minecraft:wheat_seeds":62,"minecraft:mossy_cobblestone":1,"simplefarming:blueberry_bush":10,"minecraft:dripstone_block":2,"minecraft:knowledge_book":10,"minecraft:oak_fence":2,"biomesoplenty:lavender":88,"minecraft:cobblestone":244,"minecraft:iron_helmet":1,"minecraft:apple":4,"minecraft:granite":18,"minecraft:copper_ingot":14,"biomesoplenty:jacaranda_planks":133,"minecraft:coal":35,"simplefarming:corn_seeds":2,"minecraft:cobweb":3,"jeg:custom_smg":2,"simplefarming:pear_sapling":1,"simplefarming:soybean_seeds":1,"minecraft:black_candle":2,"minecraft:diorite":40,"minecraft:torch":2,"tombstone:grave_key":6,"minecraft:gray_bed":1,"minecraft:wooden_axe":1,"tombstone:grave_dust":8,"minecraft:iron_leggings":1,"minecraft:golden_hoe":1,"minecraft:paper":6,"minecraft:string":3,"minecraft:smooth_basalt":5,"simplefarming:cotton_seeds":1,"minecraft:polished_deepslate":8,"minecraft:redstone":36,"simplefarming:tomato_seeds":1,"minecraft:brick_wall":1,"alexsmobs:maggot":1,"minecraft:tuff":78,"minecraft:light_gray_wool":1,"minecraft:iron_boots":1,"minecraft:stripped_acacia_wood":3,"securitycraft:reinforced_cobblestone":2,"simplefarming:kenaf_seeds":1,"minecraft:flower_pot":3,"minecraft:allium":6,"simplefarming:cucumber_seeds":1,"minecraft:spruce_planks":7,"minecraft:iron_chestplate":1,"minecraft:andesite":33,"quark:birch_chest":1,"minecraft:oak_sapling":6,"minecraft:stone_bricks":4,"minecraft:spider_eye":2,"minecraft:slime_ball":8,"minecraft:stone_pickaxe":3,"minecraft:calcite":7,"minecraft:vex_armor_trim_smithing_template":1,"jeg:pistol_ammo":1}},"DataVersion":3465}