{"stats":{"minecraft:killed":{"zombie_more:cursed_zombie":15,"minecraft:cave_spider":9,"zombie_more:tank_zombie":4,"born_in_chaos_v1:mr_pumpkin":19,"born_in_chaos_v1:zombie_lumberjack":1,"born_in_chaos_v1:restless_spirit":5,"born_in_chaos_v1:door_knight_not_despawn":2,"born_in_chaos_v1:siamese_skeletonsright":1,"born_in_chaos_v1:baby_skeleton_minion":7,"minecraft:skeleton":30,"minecraft:chicken":7,"born_in_chaos_v1:skeleton_thrasher":1,"undead_revamp2:thepregnant":1,"undead_revamp2:thespitter":2,"minecraft:pillager":2,"minecraft:zombie":182,"born_in_chaos_v1:corpse_fly":6,"born_in_chaos_v1:door_knight":2,"minecraft:cow":25,"alexsmobs:raccoon":1,"quark:toretoise":2,"born_in_chaos_v1:skeleton_thrasher_not_despawn":1,"undead_revamp2:bomber":1,"born_in_chaos_v1:pumpkinhead":1,"born_in_chaos_v1:barrel_zombie":1,"born_in_chaos_v1:bone_imp_minion":1,"undead_revamp2:the_moonflower":6,"born_in_chaos_v1:decrepit_skeleton":19,"born_in_chaos_v1:dark_vortex":1,"born_in_chaos_v1:zombie_clown":1,"minecraft:witch":1,"minecraft:spider":23,"undead_revamp2:thesmoker":1,"born_in_chaos_v1:scarlet_persecutor":4,"minecraft:bee":2,"born_in_chaos_v1:firelight_not_despawn":2,"zombie_more:boomer_zombie":1,"minecraft:pig":14,"undead_revamp2:thebeartamer":1,"minecraft:creeper":7,"mowziesmobs:lantern":2,"minecraft:sheep":24,"born_in_chaos_v1:zombie_fisherman":1,"zombie_more:explosive_zombie":1,"born_in_chaos_v1:dread_hound":2,"alexsmobs:terrapin":4,"minecraft:stray":4,"born_in_chaos_v1:siamese_skeletonsleft":1,"minecraft:vex":1,"born_in_chaos_v1:zombie_bruiser":1,"born_in_chaos_v1:maggot":41,"minecraft:phantom":2,"alexsmobs:blue_jay":1,"alexsmobs:bison":2,"minecraft:drowned":3,"born_in_chaos_v1:corpse_fish":16,"undead_revamp2:thehorrors":1,"undead_revamp2:sucker":3,"born_in_chaos_v1:mr_pumpkin_controlled":1,"born_in_chaos_v1:fallen_chaos_knight":2,"born_in_chaos_v1:felsteed":1,"born_in_chaos_v1:baby_skeleton":5,"zombie_more:crawler_zombie":5,"minecraft:hoglin":5,"born_in_chaos_v1:bonescaller_not_despawn":1,"alexsmobs:crow":2,"minecraft:wither_skeleton":27,"minecraft:villager":2},"minecraft:custom":{"minecraft:interact_with_crafting_table":104,"minecraft:open_barrel":197,"minecraft:leave_game":12,"minecraft:time_since_death":76823,"minecraft:damage_blocked_by_shield":11910,"minecraft:play_time":1464518,"minecraft:deaths":169,"minecraft:jump":18089,"minecraft:interact_with_furnace":172,"minecraft:sleep_in_bed":15,"tombstone:sneak_grave":1,"minecraft:damage_dealt":122041,"tombstone:undead_killed":338,"minecraft:interact_with_smoker":3,"minecraft:interact_with_anvil":1,"minecraft:damage_dealt_absorbed":264,"minecraft:sneak_time":89409,"minecraft:total_world_time":1464518,"tombstone:raider_killed":5,"minecraft:tune_noteblock":2,"minecraft:time_since_rest":76377,"minecraft:swim_one_cm":445526,"minecraft:fly_one_cm":3042474,"minecraft:open_chest":208,"minecraft:fall_one_cm":393773,"minecraft:sprint_one_cm":4404479,"minecraft:drop":781,"minecraft:play_noteblock":3,"minecraft:talked_to_villager":28,"minecraft:interact_with_brewingstand":1,"minecraft:walk_on_water_one_cm":624265,"minecraft:crouch_one_cm":120231,"tombstone:villager_killed":2,"minecraft:mob_kills":593,"minecraft:interact_with_campfire":15,"minecraft:damage_dealt_resisted":8000,"minecraft:climb_one_cm":272032,"minecraft:walk_one_cm":3224612,"minecraft:walk_under_water_one_cm":376132,"minecraft:damage_taken":79636,"minecraft:damage_absorbed":60,"minecraft:trigger_trapped_chest":3},"minecraft:mined":{"minecraft:white_bed":11,"minecraft:potted_crimson_roots":1,"minecraft:potted_crimson_fungus":1,"alexscaves:azure_neodymium_pillar":1,"minecraft:granite":23,"minecraft:stone_brick_wall":2,"minecraft:coal_block":36,"minecraft:deepslate_tile_stairs":1,"minecraft:spawner":35,"minecraft:tall_seagrass":5,"biomesoplenty:tall_lavender":36,"minecraft:sticky_piston":1,"minecraft:fire":16,"biomesoplenty:lavender":596,"alexscaves:scarlet_neodymium_node":3,"minecraft:enchanting_table":1,"minecraft:cave_vines":10,"minecraft:smooth_sandstone_stairs":1,"minecraft:iron_block":2,"minecraft:piston_head":1,"biomesoplenty:jacaranda_leaves":15,"minecraft:note_block":1,"minecraft:torch":2,"minecraft:dark_oak_wood":1,"alexscaves:energized_galena_scarlet":11,"minecraft:spruce_wall_sign":1,"minecraft:glass":3,"minecraft:smooth_sandstone_slab":27,"minecraft:white_terracotta":1,"minecraft:chain":2,"biomesoplenty:magic_planks":4,"minecraft:wheat":4,"minecraft:lilac":8,"minecraft:wither_rose":1,"minecraft:grass":622,"minecraft:smooth_quartz":9,"minecraft:stripped_birch_wood":7,"minecraft:waxed_exposed_cut_copper_stairs":4,"minecraft:deepslate":38,"biomesoplenty:reed":1,"minecraft:dark_oak_log":39,"minecraft:cyan_stained_glass":1,"minecraft:sea_lantern":3,"minecraft:allium":1,"alexscaves:galena":60,"farmersdelight:wild_onions":3,"biomesoplenty:jacaranda_log":44,"minecraft:andesite":16,"simplefarming:mango_leaves":37,"biomesoplenty:high_grass":48,"biomesoplenty:barley":25,"minecraft:white_wool":3,"simplefarming:blueberry_bush":3,"minecraft:redstone_block":7,"jeg:scrap_ore":7,"quark:oak_chest":1,"minecraft:brown_carpet":1,"minecraft:smooth_sandstone":15,"minecraft:campfire":12,"biomesoplenty:high_grass_plant":100,"minecraft:copper_ore":80,"minecraft:tall_grass":66,"minecraft:diorite":32,"minecraft:coarse_dirt":2,"minecraft:birch_leaves":8,"minecraft:gravel":11,"minecraft:dripstone_block":5,"minecraft:cobweb":29,"minecraft:stone_bricks":24,"minecraft:waxed_exposed_cut_copper":7,"minecraft:iron_trapdoor":3,"simplefarming:raspberry_bush":3,"minecraft:spruce_planks":21,"minecraft:stone_pressure_plate":1,"minecraft:sculk_vein":2,"minecraft:brewing_stand":1,"minecraft:cave_vines_plant":3,"minecraft:grass_block":119,"biomesoplenty:flowering_oak_leaves":1,"minecraft:smooth_stone":5,"minecraft:sculk_catalyst":1,"minecraft:iron_ore":13,"minecraft:pointed_dripstone":1,"minecraft:iron_bars":13,"simplefarming:fruit_log":6,"minecraft:cyan_terracotta":1,"minecraft:clay":1,"minecraft:chest":1,"minecraft:mushroom_stem":1,"minecraft:cobblestone":34,"minecraft:oak_planks":6,"minecraft:iron_door":3,"minecraft:wall_torch":3,"minecraft:seagrass":2,"minecraft:stone_stairs":3,"biomesoplenty:magic_leaves":1,"minecraft:powered_rail":1,"minecraft:birch_log":4,"horror_element_mod:spiked_villager":1,"born_in_chaos_v1:river_mint":4,"minecraft:oak_log":17,"minecraft:dirt":205,"minecraft:polished_deepslate_wall":6,"minecraft:oak_leaves":128,"minecraft:tuff":4,"minecraft:mangrove_roots":2,"minecraft:ladder":5,"biomesoplenty:bush":24,"minecraft:white_stained_glass":3,"minecraft:acacia_slab":3,"minecraft:large_fern":1,"minecraft:furnace":4,"alexscaves:energized_galena_azure":9,"minecraft:black_concrete":1,"minecraft:peony":3,"biomesoplenty:magic_log":32,"minecraft:polished_deepslate":19,"minecraft:bookshelf":10,"minecraft:shroomlight":3,"minecraft:deepslate_iron_ore":1,"simplefarming:strawberry_bush":5,"minecraft:stone":269,"minecraft:podzol":2,"minecraft:basalt":2,"minecraft:crafting_table":6,"minecraft:lectern":12,"biomesoplenty:sprout":8,"minecraft:sculk":49,"minecraft:birch_planks":4,"alexscaves:galena_iron_ore":17,"biomesoplenty:pink_daffodil":3,"minecraft:bee_nest":1,"minecraft:coal_ore":22,"minecraft:cracked_stone_bricks":1,"minecraft:stripped_acacia_wood":2,"minecraft:polished_andesite":7,"alexscaves:scarlet_neodymium_pillar":24},"minecraft:broken":{"minecraft:diamond_helmet":1,"minecraft:iron_chestplate":1,"minecraft:iron_leggings":1,"minecraft:iron_sword":4,"minecraft:shield":4,"minecraft:iron_pickaxe":4,"minecraft:golden_helmet":1,"minecraft:golden_leggings":1,"minecraft:diamond_boots":2,"minecraft:diamond_chestplate":1},"minecraft:dropped":{"minecraft:piston":2,"minecraft:cooked_beef":9,"minecraft:glass_bottle":6,"minecraft:diamond":6,"minecraft:crafting_table":1,"minecraft:cooked_porkchop":10,"immersive_aircraft:biplane":1,"minecraft:item_frame":18,"born_in_chaos_v1:monster_flesh":13,"minecraft:dirt":122,"simplefarming:rye_seeds":2,"minecraft:stone_button":1,"minecraft:cracked_deepslate_tiles":2,"minecraft:phantom_membrane":4,"simplefarming:blackberries":3,"minecraft:iron_pickaxe":1,"minecraft:dark_oak_planks":12,"simplefarming:squash_seeds":1,"minecraft:white_wool":6,"minecraft:bone":32,"minecraft:iron_nugget":4,"alexsmobs:animal_dictionary":1,"minecraft:cobbled_deepslate":1,"simplefarming:cherries":6,"minecraft:wheat":2,"minecraft:birch_sapling":2,"tombstone:gift":3,"minecraft:rotten_flesh":274,"born_in_chaos_v1:smoked_flesh":1,"minecraft:oak_planks":40,"minecraft:white_bed":5,"minecraft:charcoal":64,"minecraft:ladder":2,"quark:smithing_template_rune":1,"minecraft:stone_brick_stairs":1,"biomesoplenty:tall_lavender":4,"minecraft:golden_boots":1,"minecraft:iron_ingot":103,"minecraft:wheat_seeds":91,"simplefarming:blueberry_bush":1,"minecraft:dripstone_block":2,"biomesoplenty:lavender":1,"minecraft:feather":2,"minecraft:cobblestone":104,"minecraft:prismarine_crystals":3,"minecraft:knowledge_book":1,"minecraft:apple":2,"minecraft:granite":4,"born_in_chaos_v1:soul_cutlass":3,"minecraft:coal":1,"simplefarming:peanut_seeds":1,"biomesoplenty:jacaranda_log":38,"minecraft:cobweb":4,"simplefarming:soybean_seeds":1,"minecraft:golden_carrot":4,"minecraft:ink_sac":1,"minecraft:wooden_axe":1,"minecraft:smooth_sandstone_slab":27,"minecraft:smooth_stone":2,"minecraft:string":44,"minecraft:smooth_sandstone":2,"minecraft:polished_deepslate_wall":6,"minecraft:furnace":1,"minecraft:green_terracotta":1,"minecraft:stone_sword":1,"simplefarming:raspberries":13,"minecraft:diamond_sword":2,"minecraft:flower_pot":1,"minecraft:spruce_planks":3,"minecraft:bundle":1,"minecraft:stone_pressure_plate":1,"minecraft:spider_eye":6,"minecraft:barrel":1,"minecraft:bow":1,"jeg:pistol_ammo":10,"simplyswords:iron_claymore":1,"minecraft:baked_potato":19,"minecraft:ender_pearl":2,"biomesoplenty:magic_planks":96,"minecraft:lantern":4,"minecraft:leather":11,"simplefarming:yam_seeds":1,"alexscaves:galena":51,"minecraft:mutton":1,"minecraft:black_concrete":5,"minecraft:birch_log":3,"minecraft:gold_ingot":32,"minecraft:armor_stand":1,"simplefarming:raspberry_bush":2,"minecraft:gravel":3,"born_in_chaos_v1:fire_dust":2,"minecraft:smooth_sandstone_stairs":2,"minecraft:pointed_dripstone":4,"sophisticatedbackpacks:diamond_backpack":2,"minecraft:carrot":194,"minecraft:poppy":4,"minecraft:gunpowder":13,"minecraft:melon_seeds":8,"born_in_chaos_v1:corpse_maggot":9,"zombie_more:acid_drool":2,"minecraft:chest":1,"minecraft:water_bucket":1,"minecraft:bread":39,"minecraft:lilac":1,"minecraft:copper_ingot":43,"minecraft:stick":22,"minecraft:iron_block":1,"jeg:custom_smg":1,"born_in_chaos_v1:pumpkin_staff":5,"minecraft:diorite":11,"minecraft:torch":1,"tombstone:grave_key":8,"born_in_chaos_v1:fused_bone":2,"minecraft:iron_door":1,"tombstone:grave_dust":5,"minecraft:fire_charge":2,"minecraft:polished_andesite_stairs":1,"born_in_chaos_v1:staffof_magic_arrows":2,"minecraft:bucket":1,"minecraft:smooth_basalt":5,"minecraft:redstone":81,"minecraft:polished_deepslate":18,"minecraft:polished_diorite":2,"minecraft:raw_copper":15,"minecraft:tuff":3,"minecraft:raw_iron":1,"simplefarming:kenaf_seeds":1,"minecraft:flint_and_steel":2,"minecraft:shield":1,"minecraft:diamond_chestplate":1,"minecraft:iron_chestplate":1,"minecraft:andesite":3,"minecraft:quartz_stairs":1,"minecraft:oak_sapling":9,"quark:cyan_shard":15,"minecraft:stone_pickaxe":1,"minecraft:calcite":7},"minecraft:crafted":{"minecraft:cooked_mutton":19,"minecraft:diamond_helmet":1,"minecraft:cooked_porkchop":25,"minecraft:copper_ingot":1,"quark:oak_chest":2,"minecraft:iron_pickaxe":5,"minecraft:bone_meal":249,"minecraft:diamond":9,"minecraft:stone_pickaxe":1,"minecraft:diamond_boots":1,"minecraft:dark_oak_planks":156,"securitycraft:cobblestone_mine":2,"minecraft:iron_leggings":1,"minecraft:white_bed":5,"securitycraft:mine":6,"minecraft:oak_planks":72,"minecraft:bow":2,"minecraft:iron_boots":1,"tombstone:grave_key":1,"sophisticatedbackpacks:backpack":2,"biomesoplenty:jacaranda_planks":24,"minecraft:crafting_table":14,"minecraft:spruce_planks":4,"minecraft:wooden_pickaxe":1,"minecraft:baked_potato":50,"minecraft:birch_planks":24,"minecraft:iron_chestplate":1,"minecraft:shield":7,"minecraft:stick":84,"minecraft:iron_ingot":32,"minecraft:stone_sword":1,"minecraft:redstone":54,"minecraft:furnace":6,"minecraft:iron_axe":2,"biomesoplenty:magic_planks":128,"sophisticatedbackpacks:iron_backpack":3,"minecraft:cooked_beef":15,"minecraft:diamond_sword":2,"minecraft:iron_sword":2,"minecraft:bucket":2,"minecraft:bread":107,"minecraft:torch":64,"minecraft:diamond_chestplate":1},"minecraft:picked_up":{"minecraft:wooden_axe":1,"minecraft:iron_chestplate":2,"minecraft:flower_pot":2,"minecraft:prismarine_shard":4,"minecraft:diamond_sword":3,"minecraft:knowledge_book":1,"minecraft:brewing_stand":1,"minecraft:polished_deepslate_wall":6,"minecraft:polished_deepslate":38,"minecraft:string":110,"zombie_more:acid_drool":6,"biomesoplenty:tall_lavender":8,"minecraft:shroomlight":2,"minecraft:cobbled_deepslate":34,"minecraft:spruce_planks":54,"minecraft:waxed_exposed_cut_copper":6,"quark:cyan_shard":15,"minecraft:coal_block":81,"minecraft:golden_helmet":1,"born_in_chaos_v1:shattered_skull":1,"simplefarming:raspberries":45,"minecraft:green_terracotta":1,"minecraft:brown_carpet":1,"minecraft:iron_block":3,"minecraft:cyan_terracotta":2,"minecraft:iron_bars":17,"biomesoplenty:lavender":111,"minecraft:birch_log":7,"born_in_chaos_v1:staffof_magic_arrows":3,"minecraft:feather":7,"minecraft:cooked_beef":21,"minecraft:iron_door":3,"born_in_chaos_v1:spiritual_dust":3,"minecraft:water_bucket":2,"minecraft:flint":6,"jeg:scrap":16,"minecraft:lantern":4,"alexscaves:galena":63,"born_in_chaos_v1:marigolds":2,"simplefarming:kenaf_seeds":1,"simplefarming:blueberry_bush":3,"minecraft:diamond_helmet":1,"simplefarming:peanut_seeds":1,"minecraft:stripped_acacia_wood":2,"minecraft:ink_sac":2,"minecraft:dark_oak_log":39,"minecraft:barrel":2,"minecraft:bundle":6,"minecraft:polished_andesite":2,"biomesoplenty:magic_planks":36,"minecraft:granite":8,"minecraft:golden_horse_armor":1,"minecraft:bread":2,"born_in_chaos_v1:rotten_fish":6,"sophisticatedbackpacks:gold_backpack":1,"minecraft:coarse_dirt":2,"minecraft:crafting_table":7,"minecraft:nether_wart":63,"born_in_chaos_v1:seedof_chaos":2,"simplefarming:mango":23,"minecraft:flint_and_steel":2,"minecraft:beef":59,"minecraft:iron_nugget":64,"minecraft:poppy":4,"minecraft:spruce_slab":3,"minecraft:quartz_stairs":2,"minecraft:chest":1,"minecraft:birch_sapling":2,"minecraft:piston":2,"minecraft:egg":3,"simplefarming:yam_seeds":1,"zombie_more:cursed_heart":1,"sophisticatedbackpacks:backpack":1,"minecraft:fire_charge":1,"born_in_chaos_v1:pieceofdarkmetal":2,"minecraft:carrot":533,"minecraft:redstone":58,"minecraft:tnt":2,"minecraft:diamond_chestplate":1,"biomesoplenty:jacaranda_log":44,"simplefarming:strawberries":17,"minecraft:gold_ingot":16,"minecraft:glow_berries":4,"minecraft:mutton":35,"minecraft:white_wool":33,"simplefarming:soybean_seeds":1,"born_in_chaos_v1:monster_flesh":16,"born_in_chaos_v1:pumpkin_staff":6,"simplefarming:mango_sapling":3,"minecraft:oak_log":23,"simplefarming:rye_seeds":2,"minecraft:golden_boots":1,"minecraft:white_banner":1,"tombstone:gift":2,"born_in_chaos_v1:soul_cutlass":4,"minecraft:apple":9,"minecraft:stone_bricks":13,"born_in_chaos_v1:smoked_flesh":1,"minecraft:stone_pickaxe":1,"minecraft:cobweb":4,"biomesoplenty:magic_log":32,"tombstone:bag_of_seeds":2,"minecraft:glass_bottle":5,"minecraft:iron_sword":2,"minecraft:polished_andesite_stairs":2,"minecraft:smooth_basalt":5,"quark:white_shard":5,"born_in_chaos_v1:ethereal_spirit":5,"minecraft:gravel":9,"simplefarming:blueberries":14,"minecraft:spruce_log":1,"minecraft:waxed_exposed_cut_copper_stairs":4,"simplefarming:raspberry_bush":2,"simplyswords:gold_glaive":1,"minecraft:slime_ball":68,"minecraft:polished_diorite":2,"minecraft:gray_wool":5,"minecraft:baked_potato":31,"minecraft:melon_seeds":8,"minecraft:ender_pearl":6,"minecraft:wheat":317,"minecraft:redstone_block":7,"minecraft:iron_trapdoor":2,"minecraft:potion":1,"minecraft:stone_brick_stairs":1,"tombstone:grave_key":2,"born_in_chaos_v1:holiday_candy":24,"minecraft:raw_copper":311,"minecraft:armor_stand":1,"minecraft:sticky_piston":2,"minecraft:experience_bottle":1,"minecraft:smooth_stone":2,"minecraft:bucket":1,"minecraft:redstone_torch":1,"minecraft:calcite":7,"minecraft:smooth_quartz":6,"minecraft:iron_pickaxe":2,"minecraft:furnace":5,"minecraft:stick":44,"jeg:pistol_ammo":87,"minecraft:torch":6,"minecraft:spruce_stairs":1,"minecraft:porkchop":39,"minecraft:dried_kelp":1,"tombstone:grave_dust":23,"minecraft:pointed_dripstone":4,"minecraft:diorite":16,"minecraft:rotten_flesh":466,"minecraft:stripped_birch_wood":6,"minecraft:cod":1,"minecraft:cobblestone":307,"minecraft:enchanting_table":1,"minecraft:lilac":4,"minecraft:andesite":5,"minecraft:golden_leggings":1,"minecraft:potato":50,"minecraft:tuff":6,"minecraft:smooth_sandstone_stairs":2,"minecraft:dirt":351,"zombie_more:crawler_gut":1,"born_in_chaos_v1:monster_skin":7,"minecraft:bone":130,"minecraft:bow":2,"minecraft:wheat_seeds":442,"minecraft:powered_rail":1,"minecraft:oak_planks":61,"simplefarming:corn_seeds":2,"minecraft:cooked_porkchop":8,"minecraft:sand":1,"simplyswords:iron_greathammer":1,"born_in_chaos_v1:fire_dust":2,"minecraft:diamond":3,"minecraft:black_concrete":5,"jeg:custom_smg":2,"minecraft:bone_meal":1,"simplefarming:cherries":7,"minecraft:spruce_sign":1,"minecraft:emerald":1,"biomesoplenty:pink_daffodil":2,"minecraft:oak_sapling":15,"minecraft:charcoal":152,"born_in_chaos_v1:river_mint":3,"minecraft:chicken":7,"minecraft:ladder":4,"minecraft:chain":2,"minecraft:moss_carpet":1,"minecraft:stone_stairs":3,"immersive_aircraft:biplane":14,"minecraft:quartz_slab":1,"minecraft:item_frame":31,"minecraft:cyan_carpet":2,"minecraft:lectern":13,"simplefarming:barley_seeds":1,"minecraft:phantom_membrane":16,"minecraft:raw_iron":31,"simplefarming:pear":12,"simplefarming:cantaloupe_seeds":1,"minecraft:copper_ingot":41,"minecraft:note_block":1,"minecraft:stone_button":1,"minecraft:cookie":1,"minecraft:stone_pressure_plate":1,"minecraft:dark_oak_planks":4,"minecraft:smooth_sandstone_slab":43,"minecraft:arrow":69,"minecraft:pumpkin_pie":2,"born_in_chaos_v1:fused_bone":4,"minecraft:cracked_deepslate_tiles":2,"born_in_chaos_v1:corpse_maggot":24,"minecraft:golden_carrot":13,"minecraft:leather":31,"minecraft:birch_planks":4,"biomesoplenty:jacaranda_door":2,"quark:smithing_template_rune":1,"simplyswords:iron_claymore":1,"biomesoplenty:jacaranda_planks":12,"minecraft:gunpowder":48,"minecraft:cooked_mutton":1,"minecraft:smooth_sandstone":2,"simplefarming:honeydew_seeds":1,"minecraft:iron_ingot":50,"minecraft:cooked_chicken":1,"jeg:tech_trash":1,"sophisticatedbackpacks:diamond_backpack":2,"minecraft:book":6,"minecraft:dripstone_block":6,"born_in_chaos_v1:dark_rod":4,"minecraft:white_bed":16,"simplefarming:squash_seeds":2,"minecraft:spider_eye":7,"simplefarming:blackberries":18,"minecraft:pumpkin_seeds":20,"simplefarming:strawberry_bush":1,"tombstone:magic_scroll":1,"minecraft:acacia_slab":2,"minecraft:black_wool":1,"minecraft:dark_oak_wood":1,"minecraft:coal":169},"minecraft:used":{"minecraft:spruce_slab":3,"simplefarming:cherries":1,"minecraft:rotten_flesh":6,"born_in_chaos_v1:soul_cutlass":11,"born_in_chaos_v1:smoked_flesh":4,"biomesoplenty:jacaranda_sapling":1,"minecraft:bow":83,"minecraft:furnace":10,"minecraft:egg":2,"immersive_aircraft:biplane":13,"minecraft:potato":4,"minecraft:diorite":4,"minecraft:wooden_pickaxe":11,"minecraft:cookie":1,"minecraft:golden_apple":3,"minecraft:glow_berries":8,"biomesoplenty:jacaranda_planks":1,"born_in_chaos_v1:monster_flesh":1,"minecraft:cyan_carpet":2,"minecraft:lectern":11,"minecraft:coal_block":24,"minecraft:diamond_sword":2973,"minecraft:fire_charge":1,"minecraft:stripped_acacia_wood":2,"minecraft:stone_sword":7,"born_in_chaos_v1:ethereal_spirit":7,"minecraft:torch":37,"minecraft:stone_stairs":3,"minecraft:shroomlight":2,"minecraft:iron_axe":269,"minecraft:smooth_quartz":4,"minecraft:barrel":1,"minecraft:diamond_chestplate":1,"tombstone:gift":2,"minecraft:cobbled_deepslate":35,"minecraft:knowledge_book":170,"minecraft:wheat_seeds":18,"minecraft:water_bucket":11,"minecraft:birch_planks":23,"simplyswords:gold_glaive":23,"minecraft:smooth_sandstone_slab":4,"simplefarming:pear":12,"securitycraft:cobblestone_mine":2,"minecraft:crafting_table":19,"minecraft:white_bed":16,"minecraft:cod":1,"minecraft:oak_log":5,"minecraft:waxed_exposed_cut_copper_stairs":2,"minecraft:iron_pickaxe":1162,"tombstone:magic_scroll":4,"minecraft:cobblestone":16,"minecraft:potion":6,"minecraft:cooked_porkchop":23,"minecraft:diamond_leggings":1,"minecraft:waxed_exposed_cut_copper":6,"minecraft:polished_deepslate":8,"minecraft:shield":182,"minecraft:iron_sword":977,"alexscaves:galena":13,"minecraft:iron_chestplate":1,"simplefarming:mango":19,"minecraft:carrot":455,"simplefarming:blueberries":12,"jeg:custom_smg":77,"minecraft:tuff":3,"simplefarming:raspberries":32,"born_in_chaos_v1:corpse_maggot":6,"minecraft:cyan_terracotta":2,"minecraft:stone_bricks":11,"minecraft:diamond_boots":2,"minecraft:stone_pickaxe":76,"minecraft:oak_planks":26,"minecraft:redstone_block":1,"minecraft:white_wool":12,"simplefarming:strawberries":17,"biomesoplenty:magic_planks":62,"minecraft:dripstone_block":4,"minecraft:note_block":1,"simplyswords:iron_greathammer":225,"minecraft:bread":79,"tombstone:grave_key":38,"minecraft:iron_door":2,"minecraft:gravel":2,"simplefarming:mango_sapling":2,"born_in_chaos_v1:rotten_fish":3,"minecraft:andesite":2,"minecraft:coarse_dirt":2,"minecraft:bone_meal":128,"minecraft:cobweb":20,"minecraft:experience_bottle":1,"simplyswords:iron_claymore":10,"minecraft:dried_kelp":1,"minecraft:spruce_planks":22,"minecraft:stripped_birch_wood":6,"minecraft:cooked_chicken":1,"minecraft:dirt":275,"minecraft:spruce_stairs":1,"minecraft:diamond_helmet":1,"minecraft:dark_oak_planks":68,"minecraft:acacia_slab":1,"minecraft:iron_boots":1,"minecraft:golden_carrot":22,"minecraft:cooked_beef":27,"minecraft:iron_leggings":1,"minecraft:cooked_mutton":20,"biomesoplenty:jacaranda_door":2,"minecraft:polished_andesite":2,"minecraft:baked_potato":62,"simplefarming:blackberries":15,"minecraft:apple":15,"minecraft:golden_leggings":1,"minecraft:bucket":12,"minecraft:pumpkin_pie":2,"minecraft:gray_wool":2,"minecraft:splash_potion":1},"minecraft:killed_by":{"minecraft:zombie":47,"alexscaves:teletor":1,"minecraft:wither_skeleton":1,"minecraft:player":2,"minecraft:skeleton":11,"minecraft:phantom":1}},"DataVersion":3465}