{"stats":{"minecraft:dropped":{"minecraft:piston":2,"minecraft:cooked_beef":9,"minecraft:glass_bottle":6,"minecraft:diamond":7,"minecraft:crafting_table":1,"minecraft:cooked_porkchop":10,"immersive_aircraft:biplane":2,"minecraft:item_frame":19,"born_in_chaos_v1:monster_flesh":13,"minecraft:dirt":140,"simplefarming:rye_seeds":2,"minecraft:stone_button":1,"alexsmobs:flying_fish":1,"minecraft:cracked_deepslate_tiles":2,"minecraft:bone_meal":2,"minecraft:phantom_membrane":4,"minecraft:sand":2,"simplefarming:blackberries":3,"minecraft:iron_pickaxe":1,"minecraft:dark_oak_planks":14,"minecraft:white_wool":6,"simplefarming:squash_seeds":1,"minecraft:cyan_carpet":5,"minecraft:bone":56,"minecraft:iron_nugget":12,"alexsmobs:animal_dictionary":1,"minecraft:cobbled_deepslate":1,"simplefarming:cherries":6,"minecraft:wheat":3,"minecraft:birch_sapling":2,"tombstone:gift":4,"minecraft:rotten_flesh":278,"born_in_chaos_v1:smoked_flesh":1,"minecraft:oak_planks":40,"minecraft:white_bed":5,"minecraft:charcoal":64,"minecraft:ladder":2,"quark:smithing_template_rune":1,"minecraft:stone_brick_stairs":1,"biomesoplenty:tall_lavender":6,"minecraft:iron_ingot":103,"minecraft:golden_boots":1,"minecraft:wheat_seeds":118,"simplefarming:blueberry_bush":1,"minecraft:dripstone_block":2,"biomesoplenty:lavender":2,"minecraft:feather":7,"minecraft:knowledge_book":1,"minecraft:prismarine_crystals":3,"minecraft:cobblestone":104,"minecraft:apple":2,"minecraft:granite":4,"born_in_chaos_v1:soul_cutlass":3,"minecraft:chainmail_helmet":2,"simplefarming:peanut_seeds":1,"minecraft:coal":1,"minecraft:coal_block":3,"biomesoplenty:jacaranda_log":38,"minecraft:cobweb":4,"simplefarming:soybean_seeds":1,"minecraft:golden_carrot":4,"minecraft:ink_sac":1,"minecraft:wooden_axe":1,"minecraft:rose_bush":4,"minecraft:pumpkin":1,"minecraft:smooth_sandstone_slab":27,"minecraft:smooth_stone":2,"minecraft:paper":1,"minecraft:string":77,"minecraft:smooth_sandstone":2,"minecraft:polished_deepslate_wall":6,"minecraft:furnace":1,"minecraft:green_terracotta":1,"minecraft:stone_sword":1,"simplefarming:raspberries":13,"simplefarming:mango":17,"minecraft:diamond_sword":6,"minecraft:cyan_wool":4,"minecraft:flower_pot":1,"minecraft:sea_pickle":2,"minecraft:bundle":1,"minecraft:spruce_planks":5,"minecraft:barrel":1,"minecraft:stone_pressure_plate":1,"minecraft:spider_eye":6,"minecraft:bow":3,"jeg:pistol_ammo":10,"simplyswords:iron_claymore":1,"zombie_more:brain":2,"minecraft:dark_oak_stairs":1,"minecraft:baked_potato":126,"minecraft:ender_pearl":2,"biomesoplenty:magic_planks":96,"minecraft:lantern":4,"minecraft:leather":11,"jeg:scrap":7,"simplefarming:yam_seeds":1,"minecraft:flint":64,"simplefarming:pea_seeds":1,"alexscaves:galena":51,"minecraft:cornflower":5,"minecraft:mutton":1,"biomesoplenty:flowering_oak_sapling":4,"minecraft:black_concrete":5,"minecraft:birch_log":3,"minecraft:gold_ingot":32,"minecraft:armor_stand":1,"simplefarming:raspberry_bush":2,"minecraft:gravel":3,"born_in_chaos_v1:fire_dust":2,"minecraft:smooth_sandstone_stairs":2,"minecraft:pointed_dripstone":4,"zombie_more:crawler_gut":1,"simplyswords:arcanethyst":1,"minecraft:carrot":283,"sophisticatedbackpacks:diamond_backpack":2,"minecraft:poppy":4,"minecraft:gunpowder":26,"minecraft:melon_seeds":8,"born_in_chaos_v1:corpse_maggot":9,"zombie_more:acid_drool":2,"minecraft:chest":1,"minecraft:arrow":1,"minecraft:enchanting_table":3,"minecraft:water_bucket":2,"minecraft:bread":71,"minecraft:lilac":1,"minecraft:poisonous_potato":1,"minecraft:copper_ingot":57,"minecraft:stick":23,"minecraft:iron_block":1,"jeg:custom_smg":1,"born_in_chaos_v1:pumpkin_staff":5,"minecraft:diorite":11,"tombstone:magic_scroll":1,"minecraft:torch":9,"tombstone:grave_key":8,"minecraft:smooth_quartz":1,"minecraft:melon_slice":36,"born_in_chaos_v1:fused_bone":2,"minecraft:iron_door":1,"minecraft:fire_charge":2,"tombstone:grave_dust":32,"minecraft:polished_andesite_stairs":1,"born_in_chaos_v1:staffof_magic_arrows":2,"minecraft:bucket":2,"minecraft:smooth_basalt":5,"minecraft:polished_deepslate":18,"minecraft:redstone":81,"minecraft:polished_diorite":2,"alexsmobs:maggot":2,"minecraft:raw_copper":15,"minecraft:tuff":3,"minecraft:raw_iron":1,"minecraft:wither_skeleton_skull":1,"simplefarming:kenaf_seeds":1,"minecraft:flint_and_steel":2,"minecraft:shield":10,"minecraft:diamond_chestplate":1,"minecraft:iron_chestplate":2,"minecraft:andesite":3,"minecraft:quartz_stairs":1,"minecraft:oak_sapling":9,"quark:cyan_shard":15,"minecraft:stone_pickaxe":1,"minecraft:calcite":7},"minecraft:killed_by":{"minecraft:zombie":47,"alexscaves:teletor":1,"minecraft:wither_skeleton":1,"minecraft:player":2,"minecraft:skeleton":14,"minecraft:phantom":1},"minecraft:used":{"minecraft:beetroot":1,"minecraft:spruce_slab":3,"simplefarming:cherries":1,"minecraft:rotten_flesh":6,"born_in_chaos_v1:soul_cutlass":1552,"born_in_chaos_v1:smoked_flesh":4,"simplefarming:honeydew_seeds":1,"biomesoplenty:jacaranda_sapling":1,"minecraft:bow":100,"minecraft:oak_sapling":16,"minecraft:furnace":15,"minecraft:egg":2,"immersive_aircraft:biplane":13,"minecraft:potato":13,"minecraft:diorite":4,"minecraft:wooden_pickaxe":34,"biomesoplenty:flowering_oak_sapling":4,"minecraft:cookie":1,"minecraft:golden_apple":8,"minecraft:glow_berries":8,"minecraft:sand":2,"biomesoplenty:jacaranda_planks":1,"born_in_chaos_v1:monster_flesh":1,"minecraft:cyan_carpet":2,"minecraft:lectern":18,"minecraft:coal_block":24,"minecraft:diamond_sword":3287,"minecraft:fire_charge":1,"minecraft:stripped_acacia_wood":2,"minecraft:stone_sword":7,"born_in_chaos_v1:ethereal_spirit":7,"minecraft:torch":38,"minecraft:chainmail_chestplate":1,"minecraft:stone_stairs":3,"minecraft:shroomlight":2,"minecraft:iron_axe":694,"minecraft:smooth_quartz":65,"minecraft:barrel":1,"minecraft:diamond_chestplate":1,"tombstone:gift":2,"minecraft:cobbled_deepslate":35,"minecraft:knowledge_book":170,"minecraft:wheat_seeds":24,"minecraft:water_bucket":36,"minecraft:birch_planks":23,"simplyswords:gold_glaive":29,"minecraft:smooth_sandstone_slab":4,"simplefarming:pear":12,"securitycraft:cobblestone_mine":2,"minecraft:crafting_table":24,"minecraft:white_bed":16,"minecraft:cod":1,"minecraft:oak_log":12,"minecraft:dark_prismarine":2,"minecraft:waxed_exposed_cut_copper_stairs":2,"minecraft:iron_pickaxe":1372,"tombstone:magic_scroll":5,"minecraft:spruce_trapdoor":2,"jeg:scrap_workbench":1,"minecraft:cobblestone":19,"minecraft:potion":6,"minecraft:cooked_porkchop":36,"minecraft:diamond_leggings":1,"minecraft:waxed_exposed_cut_copper":6,"minecraft:polished_deepslate":8,"minecraft:diamond_hoe":45,"minecraft:shield":644,"minecraft:iron_sword":977,"alexscaves:galena":13,"minecraft:iron_chestplate":2,"simplefarming:mango":27,"minecraft:carrot":560,"simplefarming:blueberries":17,"jeg:custom_smg":77,"minecraft:tuff":3,"minecraft:cyan_wool":4,"simplefarming:raspberries":32,"born_in_chaos_v1:corpse_maggot":10,"minecraft:cyan_terracotta":2,"alexsmobs:cooked_lobster_tail":7,"minecraft:dark_oak_wood":1,"simplyswords:arcanethyst":191,"minecraft:stone_bricks":11,"minecraft:item_frame":2,"minecraft:dark_oak_stairs":1,"minecraft:diamond_boots":2,"minecraft:stone_pickaxe":76,"minecraft:oak_planks":27,"minecraft:birch_wood":1,"minecraft:chainmail_helmet":1,"minecraft:redstone_block":1,"minecraft:white_wool":12,"simplefarming:strawberries":17,"minecraft:yellow_terracotta":2,"biomesoplenty:magic_planks":62,"minecraft:dripstone_block":4,"minecraft:note_block":4,"simplyswords:iron_greathammer":225,"minecraft:melon_slice":150,"minecraft:bread":176,"tombstone:grave_key":43,"minecraft:iron_door":2,"minecraft:gravel":2,"simplefarming:mango_sapling":3,"born_in_chaos_v1:rotten_fish":3,"minecraft:andesite":2,"minecraft:coarse_dirt":2,"minecraft:bone_meal":726,"minecraft:cobweb":20,"minecraft:experience_bottle":1,"simplyswords:iron_claymore":10,"minecraft:dried_kelp":1,"minecraft:spruce_planks":79,"minecraft:stripped_birch_wood":6,"minecraft:cooked_chicken":1,"minecraft:dirt":276,"minecraft:spruce_stairs":1,"minecraft:diamond_helmet":1,"minecraft:dark_oak_planks":122,"minecraft:oak_stairs":3,"minecraft:acacia_slab":1,"minecraft:iron_boots":1,"minecraft:golden_carrot":55,"minecraft:cooked_beef":27,"minecraft:iron_leggings":1,"minecraft:cooked_mutton":29,"biomesoplenty:jacaranda_door":2,"minecraft:polished_andesite":2,"minecraft:baked_potato":206,"simplefarming:blackberries":19,"minecraft:apple":16,"minecraft:golden_leggings":1,"minecraft:bucket":34,"minecraft:pumpkin_pie":2,"minecraft:gray_wool":2,"minecraft:splash_potion":1,"minecraft:chainmail_leggings":1},"minecraft:picked_up":{"minecraft:wooden_axe":1,"minecraft:iron_chestplate":2,"minecraft:flower_pot":2,"minecraft:prismarine_shard":4,"minecraft:lead":2,"minecraft:diamond_sword":11,"minecraft:oak_stairs":3,"minecraft:knowledge_book":1,"minecraft:brewing_stand":1,"minecraft:polished_deepslate_wall":6,"minecraft:polished_deepslate":38,"minecraft:string":239,"zombie_more:acid_drool":6,"biomesoplenty:tall_lavender":8,"minecraft:shroomlight":2,"quark:music_disc_ocean":1,"minecraft:cobbled_deepslate":34,"minecraft:spruce_planks":113,"minecraft:waxed_exposed_cut_copper":6,"quark:cyan_shard":15,"biomesoplenty:redwood_wood":17,"minecraft:melon_slice":186,"minecraft:coal_block":145,"minecraft:golden_helmet":1,"born_in_chaos_v1:shattered_skull":1,"simplefarming:raspberries":45,"minecraft:green_terracotta":1,"minecraft:brown_carpet":1,"minecraft:iron_block":4,"minecraft:cyan_terracotta":2,"minecraft:iron_bars":17,"alexsmobs:lobster_tail":7,"alexsmobs:flying_fish":1,"biomesoplenty:lavender":112,"minecraft:birch_log":7,"born_in_chaos_v1:staffof_magic_arrows":3,"minecraft:feather":8,"minecraft:cooked_beef":21,"minecraft:iron_door":3,"born_in_chaos_v1:spiritual_dust":3,"minecraft:water_bucket":5,"minecraft:flint":6,"jeg:scrap":16,"minecraft:lantern":6,"alexscaves:galena":63,"zombie_more:brain":2,"born_in_chaos_v1:marigolds":2,"simplefarming:kenaf_seeds":1,"simplefarming:blueberry_bush":3,"minecraft:diamond_helmet":1,"simplefarming:peanut_seeds":1,"minecraft:stripped_acacia_wood":2,"sophisticatedbackpacks:iron_backpack":1,"minecraft:ink_sac":2,"minecraft:dark_oak_log":39,"minecraft:barrel":2,"minecraft:bundle":6,"minecraft:polished_andesite":2,"biomesoplenty:magic_planks":36,"minecraft:granite":8,"minecraft:golden_horse_armor":1,"minecraft:chainmail_helmet":2,"minecraft:bread":5,"alexsmobs:maggot":2,"born_in_chaos_v1:rotten_fish":6,"sophisticatedbackpacks:gold_backpack":1,"minecraft:coarse_dirt":2,"minecraft:crafting_table":7,"minecraft:nether_wart":63,"born_in_chaos_v1:seedof_chaos":2,"minecraft:cornflower":5,"simplefarming:mango":44,"minecraft:flint_and_steel":2,"minecraft:beef":67,"minecraft:cyan_wool":8,"minecraft:poppy":4,"minecraft:iron_nugget":72,"minecraft:spruce_slab":3,"minecraft:quartz_stairs":2,"minecraft:chest":1,"minecraft:birch_sapling":3,"minecraft:piston":2,"minecraft:egg":3,"simplefarming:yam_seeds":1,"zombie_more:cursed_heart":1,"minecraft:spruce_fence":17,"sophisticatedbackpacks:backpack":1,"minecraft:fire_charge":1,"born_in_chaos_v1:pieceofdarkmetal":4,"minecraft:carrot":695,"minecraft:redstone":58,"minecraft:tnt":2,"minecraft:diamond_chestplate":1,"biomesoplenty:jacaranda_log":44,"simplefarming:strawberries":17,"minecraft:hay_block":15,"minecraft:yellow_terracotta":2,"born_in_chaos_v1:spiny_shell":4,"minecraft:gold_ingot":16,"minecraft:glow_berries":4,"minecraft:mutton":41,"minecraft:white_wool":36,"simplefarming:soybean_seeds":1,"born_in_chaos_v1:monster_flesh":16,"born_in_chaos_v1:pumpkin_staff":6,"minecraft:filled_map":1,"simplefarming:mango_sapling":3,"minecraft:oak_log":212,"simplefarming:rye_seeds":2,"minecraft:golden_boots":1,"minecraft:white_banner":1,"tombstone:gift":2,"born_in_chaos_v1:soul_cutlass":4,"minecraft:apple":11,"minecraft:stone_bricks":13,"born_in_chaos_v1:smoked_flesh":1,"minecraft:stone_pickaxe":1,"minecraft:cobweb":4,"biomesoplenty:magic_log":32,"tombstone:bag_of_seeds":2,"minecraft:glass_bottle":5,"minecraft:iron_sword":2,"minecraft:dark_oak_stairs":2,"minecraft:polished_andesite_stairs":2,"minecraft:smooth_basalt":5,"quark:white_shard":5,"born_in_chaos_v1:ethereal_spirit":5,"minecraft:gravel":9,"simplefarming:blueberries":17,"minecraft:waxed_exposed_cut_copper_stairs":4,"minecraft:spruce_log":1,"simplefarming:raspberry_bush":2,"biomesoplenty:flowering_oak_sapling":8,"simplyswords:gold_glaive":1,"minecraft:oak_wood":4,"minecraft:slime_ball":68,"minecraft:polished_diorite":2,"minecraft:gray_wool":5,"minecraft:baked_potato":134,"minecraft:melon_seeds":8,"minecraft:ender_pearl":6,"minecraft:wheat":332,"minecraft:redstone_block":7,"minecraft:iron_trapdoor":2,"minecraft:potion":1,"minecraft:stone_brick_stairs":1,"tombstone:grave_key":2,"born_in_chaos_v1:holiday_candy":24,"minecraft:raw_copper":311,"minecraft:armor_stand":1,"minecraft:sticky_piston":2,"minecraft:experience_bottle":2,"minecraft:sea_pickle":2,"minecraft:smooth_stone":2,"minecraft:bucket":2,"minecraft:rose_bush":9,"minecraft:redstone_torch":1,"minecraft:calcite":7,"minecraft:smooth_quartz":92,"minecraft:iron_pickaxe":4,"minecraft:furnace":8,"minecraft:stick":59,"jeg:pistol_ammo":87,"minecraft:torch":7,"minecraft:spruce_stairs":1,"simplyswords:arcanethyst":2,"minecraft:porkchop":71,"minecraft:dried_kelp":1,"tombstone:grave_dust":49,"minecraft:pointed_dripstone":4,"minecraft:diorite":16,"quark:ancient_tome":1,"minecraft:rotten_flesh":491,"minecraft:stripped_birch_wood":6,"minecraft:cod":1,"minecraft:cobblestone":329,"minecraft:enchanting_table":3,"minecraft:lilac":4,"minecraft:andesite":5,"minecraft:golden_leggings":1,"minecraft:potato":377,"alexsmobs:bear_fur":3,"minecraft:tuff":6,"minecraft:smooth_sandstone_stairs":2,"minecraft:wither_skeleton_skull":2,"minecraft:dirt":370,"zombie_more:crawler_gut":2,"born_in_chaos_v1:monster_skin":7,"minecraft:bone":269,"minecraft:bow":4,"minecraft:wheat_seeds":486,"minecraft:birch_wood":5,"minecraft:powered_rail":1,"minecraft:oak_planks":62,"simplefarming:corn_seeds":2,"minecraft:cooked_porkchop":32,"minecraft:poisonous_potato":3,"minecraft:sand":14,"simplyswords:iron_greathammer":1,"minecraft:dark_prismarine":2,"born_in_chaos_v1:fire_dust":2,"minecraft:diamond":3,"minecraft:black_concrete":5,"jeg:custom_smg":2,"minecraft:bone_meal":3,"simplefarming:cherries":7,"minecraft:spruce_sign":1,"minecraft:emerald":1,"biomesoplenty:pink_daffodil":2,"minecraft:oak_sapling":31,"minecraft:charcoal":152,"simplefarming:pea_seeds":1,"born_in_chaos_v1:river_mint":3,"minecraft:chicken":7,"minecraft:ladder":4,"minecraft:gold_block":1,"minecraft:chain":2,"minecraft:shield":1,"minecraft:stone_stairs":3,"minecraft:moss_carpet":1,"immersive_aircraft:biplane":15,"minecraft:quartz_slab":1,"minecraft:item_frame":37,"minecraft:cyan_carpet":65,"minecraft:lectern":22,"minecraft:sugar_cane":14,"simplefarming:barley_seeds":1,"minecraft:spruce_trapdoor":2,"minecraft:phantom_membrane":16,"minecraft:raw_iron":31,"simplefarming:pear":12,"simplefarming:cantaloupe_seeds":1,"minecraft:copper_ingot":41,"minecraft:note_block":4,"minecraft:stone_button":1,"minecraft:cookie":1,"minecraft:stone_pressure_plate":1,"minecraft:dark_oak_planks":58,"minecraft:smooth_sandstone_slab":43,"minecraft:arrow":89,"minecraft:pumpkin_pie":2,"born_in_chaos_v1:fused_bone":4,"minecraft:cracked_deepslate_tiles":2,"born_in_chaos_v1:corpse_maggot":24,"minecraft:golden_carrot":13,"minecraft:leather":41,"minecraft:birch_planks":4,"biomesoplenty:jacaranda_door":2,"quark:smithing_template_rune":1,"simplyswords:iron_claymore":1,"biomesoplenty:jacaranda_planks":12,"minecraft:gunpowder":54,"minecraft:cobblestone_stairs":1,"minecraft:cooked_mutton":10,"minecraft:smooth_sandstone":2,"quark:music_disc_crickets":1,"simplefarming:honeydew_seeds":1,"minecraft:spruce_wood":1,"minecraft:iron_ingot":52,"minecraft:cooked_chicken":1,"jeg:tech_trash":1,"sophisticatedbackpacks:diamond_backpack":2,"minecraft:book":15,"minecraft:pumpkin":1,"minecraft:dripstone_block":6,"born_in_chaos_v1:dark_rod":4,"minecraft:white_bed":16,"simplefarming:squash_seeds":2,"minecraft:spider_eye":52,"simplefarming:blackberries":22,"minecraft:pumpkin_seeds":20,"simplefarming:strawberry_bush":1,"tombstone:magic_scroll":5,"minecraft:acacia_slab":2,"minecraft:black_wool":2,"minecraft:dark_oak_wood":29,"minecraft:coal":212},"minecraft:broken":{"minecraft:diamond_helmet":2,"minecraft:iron_chestplate":1,"minecraft:iron_leggings":1,"minecraft:iron_sword":4,"minecraft:diamond_leggings":1,"minecraft:shield":12,"minecraft:iron_axe":1,"minecraft:iron_pickaxe":5,"minecraft:golden_helmet":1,"minecraft:golden_leggings":1,"minecraft:diamond_boots":3,"minecraft:diamond_sword":2,"minecraft:diamond_chestplate":2},"minecraft:mined":{"minecraft:dark_oak_planks":67,"minecraft:white_bed":11,"minecraft:potted_crimson_roots":1,"alexscaves:azure_neodymium_pillar":1,"minecraft:potted_crimson_fungus":1,"minecraft:granite":23,"minecraft:stone_brick_wall":2,"minecraft:coal_block":89,"minecraft:deepslate_tile_stairs":1,"minecraft:oxeye_daisy":1,"minecraft:spawner":42,"minecraft:tall_seagrass":6,"biomesoplenty:tall_lavender":36,"minecraft:sticky_piston":1,"minecraft:fire":16,"biomesoplenty:lavender":597,"minecraft:pumpkin":1,"alexscaves:scarlet_neodymium_node":3,"minecraft:enchanting_table":1,"minecraft:cave_vines":10,"minecraft:oak_stairs":2,"minecraft:smooth_sandstone_stairs":1,"minecraft:spruce_wood":2,"minecraft:iron_block":3,"minecraft:piston_head":1,"biomesoplenty:jacaranda_leaves":15,"minecraft:note_block":5,"minecraft:torch":2,"minecraft:dark_oak_wood":31,"minecraft:melon":35,"alexscaves:energized_galena_scarlet":11,"minecraft:spruce_wall_sign":1,"minecraft:glass":3,"minecraft:sugar_cane":9,"minecraft:smooth_sandstone_slab":27,"minecraft:white_terracotta":1,"minecraft:chain":2,"minecraft:cyan_wool":2,"biomesoplenty:magic_planks":4,"minecraft:wheat":28,"minecraft:lilac":8,"minecraft:wither_rose":1,"minecraft:grass":642,"minecraft:smooth_quartz":105,"minecraft:stripped_birch_wood":7,"minecraft:waxed_exposed_cut_copper_stairs":4,"minecraft:deepslate":38,"biomesoplenty:reed":1,"minecraft:yellow_terracotta":5,"minecraft:dark_prismarine":2,"minecraft:dark_oak_log":39,"minecraft:cyan_stained_glass":1,"minecraft:sea_lantern":3,"minecraft:allium":1,"minecraft:spruce_fence":16,"alexscaves:galena":60,"farmersdelight:wild_onions":3,"biomesoplenty:jacaranda_log":44,"minecraft:andesite":16,"simplefarming:mango_leaves":37,"biomesoplenty:high_grass":48,"biomesoplenty:barley":25,"minecraft:white_wool":3,"simplefarming:blueberry_bush":3,"minecraft:redstone_block":7,"jeg:scrap_ore":7,"quark:oak_chest":1,"minecraft:brown_carpet":1,"minecraft:smooth_sandstone":15,"minecraft:cornflower":5,"minecraft:campfire":12,"biomesoplenty:high_grass_plant":100,"minecraft:copper_ore":80,"minecraft:tall_grass":73,"minecraft:diorite":32,"minecraft:coarse_dirt":2,"minecraft:birch_leaves":17,"minecraft:gravel":11,"minecraft:dripstone_block":5,"minecraft:cobweb":40,"minecraft:stone_bricks":32,"minecraft:waxed_exposed_cut_copper":7,"minecraft:iron_trapdoor":3,"simplefarming:raspberry_bush":3,"minecraft:spruce_planks":75,"minecraft:stone_pressure_plate":1,"minecraft:oak_sapling":1,"minecraft:sculk_vein":2,"minecraft:cobblestone_stairs":1,"minecraft:brewing_stand":1,"minecraft:spruce_trapdoor":2,"minecraft:cave_vines_plant":3,"minecraft:grass_block":123,"biomesoplenty:flowering_oak_leaves":12,"minecraft:frosted_ice":8,"minecraft:smooth_stone":5,"minecraft:sculk_catalyst":1,"minecraft:iron_ore":13,"minecraft:dark_oak_stairs":3,"minecraft:pointed_dripstone":1,"minecraft:iron_bars":13,"simplefarming:fruit_log":6,"minecraft:cyan_terracotta":1,"minecraft:clay":1,"minecraft:chest":1,"minecraft:mushroom_stem":1,"minecraft:cobblestone":41,"minecraft:birch_wood":5,"minecraft:oak_planks":8,"minecraft:iron_door":3,"minecraft:wall_torch":4,"minecraft:seagrass":2,"minecraft:stone_stairs":3,"biomesoplenty:magic_leaves":1,"minecraft:powered_rail":1,"minecraft:birch_log":4,"horror_element_mod:spiked_villager":1,"born_in_chaos_v1:river_mint":4,"biomesoplenty:clover":6,"minecraft:oak_log":211,"minecraft:sand":14,"minecraft:dirt":211,"minecraft:polished_deepslate_wall":6,"minecraft:oak_leaves":167,"minecraft:tuff":4,"minecraft:mangrove_roots":2,"minecraft:ladder":5,"biomesoplenty:bush":24,"minecraft:white_stained_glass":3,"minecraft:acacia_slab":3,"minecraft:large_fern":1,"minecraft:hay_block":16,"minecraft:furnace":7,"alexscaves:energized_galena_azure":9,"minecraft:black_concrete":1,"minecraft:peony":3,"biomesoplenty:magic_log":32,"minecraft:polished_deepslate":19,"minecraft:bookshelf":12,"minecraft:shroomlight":3,"minecraft:deepslate_iron_ore":1,"minecraft:stone":284,"simplefarming:strawberry_bush":5,"minecraft:podzol":2,"minecraft:basalt":2,"minecraft:crafting_table":6,"minecraft:cyan_stained_glass_pane":1,"minecraft:oak_wood":4,"minecraft:rose_bush":9,"minecraft:lectern":21,"biomesoplenty:sprout":12,"minecraft:sculk":49,"minecraft:birch_planks":4,"minecraft:sea_pickle":1,"alexscaves:galena_iron_ore":17,"biomesoplenty:pink_daffodil":3,"minecraft:bee_nest":2,"minecraft:coal_ore":22,"minecraft:cyan_carpet":22,"minecraft:cracked_stone_bricks":1,"minecraft:stripped_acacia_wood":2,"minecraft:polished_andesite":7,"biomesoplenty:redwood_wood":17,"alexscaves:scarlet_neodymium_pillar":24},"minecraft:crafted":{"minecraft:cooked_mutton":19,"minecraft:diamond_helmet":1,"minecraft:cooked_porkchop":26,"minecraft:copper_ingot":15,"quark:oak_chest":2,"minecraft:iron_pickaxe":5,"minecraft:bone_meal":729,"minecraft:diamond":9,"jeg:scrap_workbench":1,"minecraft:stone_pickaxe":1,"minecraft:diamond_boots":1,"minecraft:dark_oak_planks":268,"minecraft:wheat":45,"securitycraft:cobblestone_mine":2,"minecraft:iron_leggings":1,"minecraft:white_bed":5,"securitycraft:mine":6,"minecraft:oak_planks":244,"minecraft:bow":2,"minecraft:iron_boots":1,"tombstone:grave_key":1,"sophisticatedbackpacks:backpack":2,"biomesoplenty:jacaranda_planks":24,"minecraft:crafting_table":19,"minecraft:spruce_planks":8,"minecraft:wooden_pickaxe":2,"minecraft:baked_potato":198,"minecraft:birch_planks":24,"minecraft:iron_chestplate":1,"minecraft:shield":23,"minecraft:stick":92,"minecraft:iron_ingot":32,"minecraft:stone_sword":1,"minecraft:redstone":54,"minecraft:furnace":8,"minecraft:iron_axe":3,"biomesoplenty:magic_planks":128,"sophisticatedbackpacks:iron_backpack":3,"minecraft:cooked_beef":15,"minecraft:diamond_sword":2,"alexsmobs:cooked_lobster_tail":7,"minecraft:iron_sword":2,"minecraft:bucket":2,"minecraft:bread":132,"jeg:scrap_block":1,"minecraft:white_wool":3,"minecraft:torch":72,"minecraft:diamond_chestplate":1},"minecraft:custom":{"minecraft:interact_with_crafting_table":145,"minecraft:open_barrel":197,"minecraft:leave_game":17,"minecraft:time_since_death":21559,"minecraft:damage_blocked_by_shield":43670,"minecraft:play_time":1976414,"minecraft:deaths":184,"minecraft:jump":21955,"minecraft:interact_with_furnace":224,"minecraft:sleep_in_bed":19,"tombstone:sneak_grave":1,"minecraft:damage_dealt":220283,"tombstone:undead_killed":521,"minecraft:interact_with_smoker":3,"minecraft:horse_one_cm":1784,"minecraft:interact_with_smithing_table":2,"minecraft:interact_with_anvil":1,"minecraft:damage_dealt_absorbed":264,"minecraft:sneak_time":140239,"minecraft:total_world_time":1976414,"tombstone:raider_killed":5,"minecraft:tune_noteblock":177,"minecraft:time_since_rest":21233,"tombstone:cast_on_ally":1,"minecraft:swim_one_cm":524443,"minecraft:fly_one_cm":3523309,"minecraft:open_chest":404,"minecraft:fall_one_cm":446672,"minecraft:damage_resisted":10,"minecraft:sprint_one_cm":5110302,"minecraft:drop":1193,"minecraft:play_noteblock":11,"minecraft:talked_to_villager":52,"minecraft:interact_with_brewingstand":1,"minecraft:walk_on_water_one_cm":773774,"minecraft:crouch_one_cm":200336,"tombstone:villager_killed":9,"minecraft:mob_kills":964,"minecraft:interact_with_campfire":44,"minecraft:damage_dealt_resisted":22515,"minecraft:climb_one_cm":273572,"minecraft:walk_one_cm":4863970,"minecraft:walk_under_water_one_cm":481934,"minecraft:damage_taken":105548,"minecraft:damage_absorbed":180,"minecraft:trigger_trapped_chest":3},"minecraft:killed":{"zombie_more:cursed_zombie":15,"guardvillagers:guard":2,"alexsmobs:lobster":12,"minecraft:cave_spider":83,"zombie_more:tank_zombie":5,"born_in_chaos_v1:mr_pumpkin":19,"born_in_chaos_v1:zombie_lumberjack":1,"born_in_chaos_v1:restless_spirit":5,"born_in_chaos_v1:door_knight_not_despawn":2,"born_in_chaos_v1:siamese_skeletonsright":1,"born_in_chaos_v1:baby_skeleton_minion":7,"minecraft:skeleton":40,"minecraft:chicken":7,"born_in_chaos_v1:skeleton_thrasher":1,"undead_revamp2:thepregnant":1,"undead_revamp2:thespitter":2,"minecraft:pillager":2,"minecraft:zombie":189,"born_in_chaos_v1:corpse_fly":7,"born_in_chaos_v1:door_knight":3,"minecraft:cow":29,"alexsmobs:raccoon":1,"quark:toretoise":2,"alexsmobs:seagull":2,"born_in_chaos_v1:skeleton_thrasher_not_despawn":1,"undead_revamp2:bomber":1,"born_in_chaos_v1:thornshell_crab":1,"born_in_chaos_v1:pumpkinhead":1,"born_in_chaos_v1:barrel_zombie":1,"born_in_chaos_v1:bone_imp_minion":1,"undead_revamp2:the_moonflower":10,"minecraft:wandering_trader":1,"born_in_chaos_v1:decrepit_skeleton":19,"born_in_chaos_v1:dark_vortex":1,"minecraft:enderman":1,"born_in_chaos_v1:zombie_clown":1,"minecraft:witch":1,"minecraft:spider":60,"undead_revamp2:thesmoker":1,"born_in_chaos_v1:scarlet_persecutor":4,"minecraft:bee":2,"born_in_chaos_v1:firelight_not_despawn":2,"zombie_more:boomer_zombie":1,"minecraft:pig":30,"alexsmobs:grizzly_bear":3,"undead_revamp2:thebeartamer":1,"minecraft:creeper":13,"mowziesmobs:lantern":2,"minecraft:sheep":29,"minecraft:trader_llama":4,"born_in_chaos_v1:zombie_fisherman":1,"zombie_more:explosive_zombie":2,"born_in_chaos_v1:dread_hound":2,"alexsmobs:terrapin":4,"minecraft:stray":4,"born_in_chaos_v1:siamese_skeletonsleft":1,"minecraft:vex":1,"alexsmobs:tasmanian_devil":3,"born_in_chaos_v1:zombie_bruiser":1,"born_in_chaos_v1:maggot":41,"minecraft:phantom":2,"alexsmobs:blue_jay":1,"alexsmobs:bison":2,"minecraft:drowned":7,"born_in_chaos_v1:corpse_fish":20,"undead_revamp2:thehorrors":1,"undead_revamp2:sucker":3,"alexsmobs:flying_fish":2,"born_in_chaos_v1:mr_pumpkin_controlled":1,"born_in_chaos_v1:fallen_chaos_knight":3,"born_in_chaos_v1:felsteed":1,"born_in_chaos_v1:baby_skeleton":5,"zombie_more:crawler_zombie":7,"minecraft:hoglin":5,"born_in_chaos_v1:bonescaller_not_despawn":1,"alexsmobs:crow":2,"minecraft:wither_skeleton":179,"minecraft:villager":8}},"DataVersion":3465}