{"stats":{"minecraft:killed":{"zombie_more:cursed_zombie":3,"guardvillagers:guard":1,"minecraft:cave_spider":78,"zombie_more:tank_zombie":8,"born_in_chaos_v1:mr_pumpkin":8,"born_in_chaos_v1:zombie_lumberjack":2,"born_in_chaos_v1:restless_spirit":4,"born_in_chaos_v1:sir_the_headless":2,"born_in_chaos_v1:door_knight_not_despawn":1,"born_in_chaos_v1:siamese_skeletonsright":2,"born_in_chaos_v1:baby_skeleton_minion":7,"undead_revamp2:theswarmer":6,"minecraft:skeleton":71,"born_in_chaos_v1:skeleton_thrasher":1,"undead_revamp2:thepregnant":2,"born_in_chaos_v1:supreme_bonescaller_stage_2":2,"minecraft:skeleton_horse":2,"undead_revamp2:thespitter":3,"alexscaves:teletor":1,"jeg:ghoul":2,"undead_revamp2:theheavy":1,"minecraft:pillager":3,"minecraft:zombie":335,"born_in_chaos_v1:corpse_fly":18,"born_in_chaos_v1:door_knight":3,"takesapillage:archer":1,"minecraft:cow":7,"undead_revamp2:thehunter":3,"born_in_chaos_v1:skeleton_thrasher_not_despawn":1,"undead_revamp2:bomber":2,"born_in_chaos_v1:pumpkinhead":1,"born_in_chaos_v1:dire_hound_leader":1,"undead_revamp2:thebidy":12,"born_in_chaos_v1:barrel_zombie":2,"born_in_chaos_v1:spiritof_chaos":2,"born_in_chaos_v1:bone_imp_minion":18,"undead_revamp2:the_moonflower":34,"born_in_chaos_v1:decrepit_skeleton":18,"undead_revamp2:thesomnolence":1,"born_in_chaos_v1:dark_vortex":1,"minecraft:enderman":1,"born_in_chaos_v1:zombie_clown":1,"minecraft:witch":2,"minecraft:spider":46,"undead_revamp2:thesmoker":2,"minecraft:bee":3,"undead_revamp2:therod":3,"born_in_chaos_v1:firelight_not_despawn":2,"alexscaves:notor":6,"zombie_more:boomer_zombie":5,"minecraft:pig":2,"quark:stoneling":1,"minecraft:zombie_villager":2,"minecraft:creeper":23,"minecraft:sheep":3,"undead_revamp2:theordure":1,"undead_revamp2:thebidyupside":2,"zombie_more:explosive_zombie":1,"born_in_chaos_v1:dread_hound":9,"alexsmobs:terrapin":1,"minecraft:stray":21,"alexsmobs:fly":2,"born_in_chaos_v1:siamese_skeletonsleft":1,"takesapillage:legioner":1,"born_in_chaos_v1:zombie_bruiser":3,"born_in_chaos_v1:maggot":94,"minecraft:phantom":14,"alexsmobs:bison":7,"minecraft:drowned":8,"born_in_chaos_v1:corpse_fish":14,"undead_revamp2:sucker":5,"born_in_chaos_v1:fallen_chaos_knight":2,"born_in_chaos_v1:felsteed":1,"born_in_chaos_v1:baby_skeleton":8,"zombie_more:crawler_zombie":18,"born_in_chaos_v1:swarmer":1,"takesapillage:skirmisher":1,"minecraft:bat":1,"minecraft:hoglin":6,"born_in_chaos_v1:bonescaller_not_despawn":3,"born_in_chaos_v1:nightmare_stalker":1,"minecraft:wither_skeleton":89},"minecraft:custom":{"minecraft:interact_with_crafting_table":289,"minecraft:open_barrel":483,"minecraft:leave_game":17,"minecraft:time_since_death":92090,"minecraft:damage_blocked_by_shield":37506,"minecraft:play_time":2016558,"minecraft:deaths":181,"minecraft:jump":26342,"minecraft:interact_with_furnace":387,"minecraft:sleep_in_bed":24,"tombstone:sneak_grave":8,"minecraft:damage_dealt":223505,"tombstone:undead_killed":724,"minecraft:interact_with_smoker":8,"minecraft:inspect_dispenser":2,"minecraft:interact_with_smithing_table":1,"minecraft:interact_with_anvil":4,"minecraft:damage_dealt_absorbed":149,"minecraft:sneak_time":134768,"minecraft:interact_with_blast_furnace":2,"minecraft:total_world_time":2016558,"tombstone:raider_killed":17,"minecraft:tune_noteblock":10,"minecraft:interact_with_stonecutter":2,"minecraft:time_since_rest":91857,"tombstone:cast_on_ally":0,"minecraft:swim_one_cm":389952,"minecraft:fly_one_cm":4049251,"minecraft:open_chest":767,"minecraft:fall_one_cm":573608,"minecraft:damage_resisted":27,"minecraft:sprint_one_cm":4880067,"minecraft:drop":1082,"minecraft:talked_to_villager":6,"minecraft:interact_with_brewingstand":1,"minecraft:walk_on_water_one_cm":445282,"minecraft:interact_with_loom":8,"minecraft:crouch_one_cm":427474,"minecraft:mob_kills":1147,"minecraft:damage_dealt_resisted":17466,"minecraft:climb_one_cm":145452,"minecraft:walk_one_cm":5893065,"minecraft:walk_under_water_one_cm":324122,"minecraft:damage_taken":106331,"minecraft:damage_absorbed":240,"minecraft:trigger_trapped_chest":3},"minecraft:mined":{"minecraft:dark_oak_planks":23,"minecraft:white_bed":11,"alexscaves:azure_neodymium_pillar":22,"minecraft:granite":27,"minecraft:stone_brick_wall":2,"minecraft:coal_block":1,"minecraft:deepslate_tile_stairs":3,"minecraft:spawner":59,"minecraft:weeping_vines_plant":1,"minecraft:tall_seagrass":2,"biomesoplenty:tall_lavender":16,"minecraft:fire":66,"biomesoplenty:lavender":148,"minecraft:pumpkin":1,"alexscaves:scarlet_neodymium_node":1,"minecraft:oak_stairs":1,"minecraft:dirt_path":1,"biomesoplenty:glowflower":1,"biomesoplenty:webbing":6,"minecraft:smooth_sandstone_stairs":2,"minecraft:spruce_wood":4,"minecraft:white_banner":1,"biomesoplenty:jacaranda_leaves":51,"biomesoplenty:jacaranda_planks":143,"minecraft:torch":10,"minecraft:dark_oak_wood":4,"minecraft:polished_andesite_stairs":1,"alexscaves:energized_galena_scarlet":24,"minecraft:glass":6,"minecraft:sugar_cane":2,"minecraft:smooth_sandstone_slab":3,"minecraft:repeater":2,"biomesoplenty:magic_planks":9,"minecraft:lilac":4,"minecraft:stone_brick_stairs":1,"minecraft:grass":559,"minecraft:smooth_quartz":63,"minecraft:stripped_birch_wood":6,"born_in_chaos_v1:infernal_evil_pumpkin_s":2,"minecraft:deepslate":34,"minecraft:yellow_terracotta":13,"minecraft:dark_prismarine":21,"minecraft:mossy_cobblestone":1,"horror_element_mod:light_on":1,"minecraft:spruce_fence":6,"minecraft:jungle_planks":3,"minecraft:redstone_wire":5,"alexscaves:galena":494,"biomesoplenty:jacaranda_log":131,"minecraft:waxed_oxidized_cut_copper":7,"minecraft:green_terracotta":7,"minecraft:andesite":16,"simplefarming:mango_leaves":1,"biomesoplenty:high_grass":78,"biomesoplenty:jacaranda_door":3,"biomesoplenty:barley":3,"minecraft:redstone_block":6,"jeg:scrap_ore":90,"minecraft:glass_pane":1,"quark:oak_chest":2,"alexscaves:azure_neodymium_node":1,"minecraft:stone_brick_slab":3,"minecraft:observer":1,"minecraft:smooth_sandstone":16,"undead_revamp2:blacpetalblock":1,"biomesoplenty:high_grass_plant":291,"minecraft:tall_grass":45,"minecraft:copper_ore":28,"farmersdelight:wild_tomatoes":1,"minecraft:diorite":69,"jeg:scrap_workbench":1,"minecraft:coarse_dirt":31,"minecraft:birch_leaves":9,"minecraft:gravel":87,"minecraft:dripstone_block":7,"biomesoplenty:stringy_cobweb":1,"minecraft:cobweb":48,"minecraft:acacia_planks":8,"minecraft:stone_bricks":23,"minecraft:spruce_planks":97,"minecraft:sculk_vein":3,"minecraft:brewing_stand":1,"minecraft:grass_block":85,"biomesoplenty:flowering_oak_leaves":12,"minecraft:smooth_stone":17,"minecraft:iron_ore":122,"minecraft:pointed_dripstone":1,"minecraft:iron_bars":7,"minecraft:cyan_terracotta":5,"alexscaves:energized_galena_neutral":1,"minecraft:cobblestone":72,"minecraft:oak_planks":45,"minecraft:wall_torch":25,"biomesoplenty:goldenrod":1,"minecraft:seagrass":2,"minecraft:stone_stairs":1,"minecraft:powered_rail":1,"minecraft:birch_log":2,"minecraft:smooth_stone_slab":2,"minecraft:cracked_deepslate_tiles":2,"minecraft:oak_log":26,"minecraft:sand":11,"minecraft:dirt":251,"minecraft:tripwire_hook":1,"minecraft:oak_leaves":85,"minecraft:redstone_lamp":2,"minecraft:diamond_ore":1,"alexscaves:spelunkery_table":1,"minecraft:red_carpet":1,"minecraft:tuff":2,"minecraft:candle":1,"minecraft:oak_door":1,"minecraft:mangrove_roots":8,"biomesoplenty:bush":23,"minecraft:white_stained_glass":5,"minecraft:polished_andesite_slab":1,"minecraft:spruce_leaves":3,"minecraft:acacia_slab":3,"minecraft:furnace":12,"alexscaves:energized_galena_azure":18,"minecraft:black_concrete":45,"minecraft:polished_deepslate":16,"minecraft:bookshelf":29,"minecraft:shroomlight":1,"minecraft:stripped_oak_log":1,"biomesoplenty:spider_egg":1,"minecraft:stone":1471,"minecraft:redstone_wall_torch":1,"minecraft:podzol":2,"minecraft:brick_wall":1,"minecraft:polished_granite":1,"minecraft:oak_fence":1,"minecraft:crafting_table":21,"alexscaves:metal_swarf":6,"biomesoplenty:sprout":7,"minecraft:red_concrete":39,"minecraft:sculk":2,"minecraft:spruce_stairs":8,"minecraft:gray_wool":13,"minecraft:birch_planks":7,"alexscaves:galena_iron_ore":18,"biomesoplenty:pink_daffodil":4,"horror_element_mod:human_remains":1,"minecraft:coal_ore":100,"minecraft:cyan_carpet":13,"minecraft:stripped_acacia_wood":10,"minecraft:polished_andesite":13,"alexscaves:scarlet_neodymium_pillar":9},"minecraft:broken":{"minecraft:diamond_helmet":1,"simplyswords:iron_chakram":1,"minecraft:iron_boots":8,"minecraft:iron_chestplate":3,"minecraft:iron_leggings":5,"simplyswords:iron_warglaive":2,"minecraft:chainmail_boots":1,"simplyswords:iron_twinblade":1,"minecraft:iron_sword":3,"minecraft:bow":1,"simplyswords:iron_greathammer":1,"minecraft:diamond_leggings":1,"minecraft:stone_hoe":1,"minecraft:shield":14,"simplyswords:iron_cutlass":1,"minecraft:iron_axe":1,"minecraft:iron_pickaxe":6,"minecraft:iron_helmet":5,"minecraft:stone_pickaxe":8,"simplyswords:iron_claymore":1,"minecraft:stone_axe":2,"minecraft:golden_chestplate":1,"minecraft:diamond_chestplate":2},"minecraft:dropped":{"minecraft:piston":1,"minecraft:porkchop":1,"minecraft:cooked_beef":12,"minecraft:glass_bottle":1,"minecraft:diamond":3,"minecraft:cooked_porkchop":1,"immersive_aircraft:biplane":2,"minecraft:dark_oak_slab":4,"minecraft:glow_berries":2,"immersive_aircraft:hull":4,"minecraft:cracked_stone_bricks":5,"born_in_chaos_v1:pieceofdarkmetal":10,"minecraft:rail":2,"sophisticatedbackpacks:gold_backpack":1,"born_in_chaos_v1:monster_flesh":12,"minecraft:dirt":75,"simplefarming:rye_seeds":1,"minecraft:chain":5,"minecraft:sand":7,"minecraft:bone_meal":2,"minecraft:phantom_membrane":5,"minecraft:iron_pickaxe":3,"minecraft:dark_oak_planks":2,"simplefarming:lettuce_seeds":3,"simplefarming:squash_seeds":3,"minecraft:white_wool":14,"quark:oak_chest":1,"minecraft:bone":23,"minecraft:oak_door":2,"minecraft:stone_axe":1,"immersive_aircraft:engine":1,"immersive_aircraft:propeller":1,"minecraft:iron_nugget":61,"minecraft:cooked_chicken":2,"minecraft:cobbled_deepslate":5,"minecraft:wheat":9,"undead_revamp2:arapholia":1,"tombstone:gift":2,"minecraft:rotten_flesh":470,"born_in_chaos_v1:smoked_flesh":11,"minecraft:oak_planks":2,"simplefarming:cassava_seeds":3,"minecraft:white_bed":1,"simplefarming:ginger_seeds":3,"alexscaves:cave_book":1,"simplefarming:honeydew_seeds":1,"quark:hollow_oak_log":1,"minecraft:charcoal":89,"minecraft:leather_boots":1,"minecraft:ladder":2,"quark:smithing_template_rune":1,"minecraft:beef":24,"biomesoplenty:tall_lavender":11,"farmersdelight:tomato_seeds":1,"minecraft:iron_ingot":88,"tombstone:scroll_of_feather_fall":1,"minecraft:wheat_seeds":185,"minecraft:dripstone_block":4,"biomesoplenty:lavender":253,"minecraft:book":4,"minecraft:oak_fence":2,"minecraft:knowledge_book":8,"minecraft:iron_helmet":1,"minecraft:cobblestone":164,"minecraft:apple":4,"minecraft:granite":12,"biomesoplenty:jacaranda_planks":51,"born_in_chaos_v1:soul_cutlass":2,"minecraft:coal":21,"simplefarming:peanut_seeds":2,"minecraft:coal_block":14,"simplefarming:corn_seeds":4,"biomesoplenty:jacaranda_log":2,"minecraft:polished_andesite":16,"minecraft:pufferfish":1,"minecraft:cobweb":16,"minecraft:gray_wool":3,"simplefarming:soybean_seeds":2,"minecraft:golden_carrot":8,"minecraft:rose_bush":1,"minecraft:potion":4,"minecraft:dried_kelp":1,"minecraft:oak_stairs":1,"minecraft:smooth_stone":11,"minecraft:string":82,"simplyswords:iron_cutlass":1,"minecraft:furnace":1,"minecraft:moss_carpet":2,"minecraft:polished_diorite_slab":7,"born_in_chaos_v1:rotten_fish":4,"minecraft:stone_shovel":1,"simplefarming:raspberries":4,"minecraft:iron_boots":2,"sophisticatedbackpacks:backpack":1,"minecraft:name_tag":1,"minecraft:spruce_fence":3,"minecraft:pumpkin_seeds":73,"minecraft:cobblestone_slab":6,"minecraft:potato":29,"minecraft:allium":1,"simplefarming:cucumber_seeds":2,"minecraft:peony":1,"minecraft:bundle":8,"minecraft:spruce_planks":28,"minecraft:stone_bricks":12,"minecraft:barrel":1,"minecraft:spider_eye":9,"jeg:pistol_ammo":77,"simplyswords:iron_claymore":1,"minecraft:quartz_slab":2,"minecraft:birch_planks":8,"biomesoplenty:pink_daffodil":1,"minecraft:oak_log":8,"minecraft:baked_potato":55,"minecraft:ender_pearl":8,"immersive_aircraft:boiler":1,"minecraft:stripped_birch_wood":1,"simplefarming:sweet_potato_seeds":1,"simplefarming:radish_seeds":5,"minecraft:leather":6,"minecraft:jungle_planks":3,"simplefarming:yam_seeds":1,"minecraft:cod":1,"simplefarming:pea_seeds":2,"alexscaves:galena":257,"tombstone:bag_of_seeds":1,"minecraft:dispenser":1,"born_in_chaos_v1:monster_skin":1,"minecraft:crimson_roots":4,"minecraft:birch_log":1,"minecraft:gold_ingot":16,"simplefarming:raspberry_bush":3,"minecraft:gravel":68,"simplyswords:iron_twinblade":4,"born_in_chaos_v1:ethereal_spirit":1,"zombie_more:crawler_gut":2,"minecraft:mossy_stone_brick_slab":1,"minecraft:cooked_mutton":1,"simplefarming:pepper_seeds":1,"minecraft:carrot":84,"sophisticatedbackpacks:diamond_backpack":2,"minecraft:chainmail_chestplate":1,"minecraft:gunpowder":2,"minecraft:skeleton_skull":1,"minecraft:melon_seeds":8,"born_in_chaos_v1:corpse_maggot":14,"minecraft:stone_brick_wall":1,"zombie_more:acid_drool":3,"simplefarming:strawberries":8,"minecraft:arrow":3,"minecraft:iron_bars":5,"simplefarming:barley_seeds":1,"biomesoplenty:redwood_door":1,"born_in_chaos_v1:dark_rod":2,"minecraft:firework_rocket":1,"minecraft:bread":2,"minecraft:lilac":8,"minecraft:mossy_cobblestone":2,"minecraft:observer":1,"minecraft:copper_ingot":14,"minecraft:spruce_stairs":3,"minecraft:stick":17,"born_in_chaos_v1:pumpkin_staff":5,"jeg:custom_smg":1,"quark:clear_shard":36,"minecraft:diorite":5,"minecraft:torch":35,"minecraft:repeater":1,"tombstone:grave_key":3,"minecraft:smooth_quartz":1,"born_in_chaos_v1:fused_bone":5,"minecraft:iron_door":2,"tombstone:grave_dust":32,"born_in_chaos_v1:staffof_magic_arrows":2,"minecraft:redstone":14,"simplefarming:cotton_seeds":2,"minecraft:polished_deepslate":10,"simplefarming:onion_seeds":1,"alexsmobs:maggot":1,"minecraft:raw_copper":16,"minecraft:raw_iron":8,"minecraft:light_gray_wool":1,"alexscaves:metal_swarf":12,"simplefarming:kenaf_seeds":5,"minecraft:flint_and_steel":1,"minecraft:filled_map":1,"minecraft:iron_chestplate":3,"minecraft:andesite":1,"minecraft:mossy_stone_bricks":1,"minecraft:oak_sapling":2,"minecraft:waxed_oxidized_cut_copper":4,"minecraft:slime_ball":64,"minecraft:stone_pickaxe":1,"minecraft:wooden_pickaxe":1,"simplyswords:iron_warglaive":1,"simplyswords:iron_greathammer":3,"simplefarming:sorghum_seeds":1},"minecraft:crafted":{"immersive_aircraft:engine":3,"minecraft:smooth_stone":19,"minecraft:lever":3,"securitycraft:keypad_item":2,"minecraft:cooked_mutton":8,"minecraft:glass":11,"minecraft:repeater":2,"born_in_chaos_v1:transformative_flower":1,"simplyswords:iron_claymore":1,"minecraft:copper_ingot":137,"minecraft:campfire":1,"immersive_aircraft:propeller":3,"quark:oak_chest":5,"minecraft:iron_pickaxe":7,"minecraft:golden_carrot":28,"minecraft:stone_shovel":2,"minecraft:iron_nugget":45,"immersive_aircraft:biplane":2,"minecraft:bone_meal":84,"minecraft:diamond":18,"jeg:scrap_workbench":1,"securitycraft:universal_block_remover":1,"minecraft:stone_pickaxe":9,"biomesoplenty:jacaranda_door":3,"minecraft:dark_oak_planks":8,"simplyswords:iron_cutlass":1,"minecraft:coal_block":1,"simplyswords:iron_chakram":1,"sophisticatedbackpacks:gold_backpack":4,"simplyswords:iron_greathammer":4,"minecraft:wooden_axe":1,"minecraft:iron_leggings":5,"minecraft:white_bed":2,"minecraft:oak_planks":104,"minecraft:cooked_chicken":3,"minecraft:stone":113,"minecraft:heavy_weighted_pressure_plate":3,"securitycraft:laser_block":1,"minecraft:bow":2,"minecraft:iron_boots":4,"tombstone:grave_key":4,"immersive_aircraft:hull":9,"minecraft:chest":1,"minecraft:stone_hoe":1,"sophisticatedbackpacks:backpack":4,"biomesoplenty:jacaranda_planks":480,"minecraft:crafting_table":11,"minecraft:iron_helmet":5,"minecraft:baked_potato":163,"minecraft:wooden_pickaxe":1,"minecraft:birch_planks":44,"minecraft:iron_chestplate":4,"minecraft:shield":14,"sophisticatedbackpacks:diamond_backpack":2,"minecraft:stick":116,"minecraft:iron_ingot":146,"minecraft:redstone_torch":4,"minecraft:shears":2,"securitycraft:universal_block_reinforcer_lvl1":1,"minecraft:oak_door":3,"minecraft:coal":54,"simplyswords:diamond_greathammer":1,"minecraft:furnace":18,"minecraft:stone_button":24,"minecraft:blast_furnace":3,"minecraft:piston":6,"simplyswords:iron_warglaive":3,"minecraft:glass_pane":16,"minecraft:flint_and_steel":1,"minecraft:iron_axe":2,"born_in_chaos_v1:fried_maggot":8,"sophisticatedbackpacks:iron_backpack":4,"minecraft:cooked_beef":68,"immersive_aircraft:boiler":3,"minecraft:iron_sword":1,"minecraft:bucket":1,"minecraft:stone_axe":2,"minecraft:air":0,"minecraft:bread":6,"jeg:scrap_block":1,"minecraft:gold_nugget":225,"minecraft:acacia_planks":24,"minecraft:torch":124},"minecraft:picked_up":{"quark:diamond_heart":1,"minecraft:iron_chestplate":2,"minecraft:flower_pot":1,"minecraft:diamond_sword":3,"minecraft:oak_stairs":2,"minecraft:knowledge_book":5,"minecraft:brewing_stand":1,"minecraft:polished_deepslate":19,"minecraft:string":251,"zombie_more:acid_drool":5,"pfm:oak_gray_simple_bed":1,"biomesoplenty:tall_lavender":14,"minecraft:pufferfish":1,"minecraft:shroomlight":1,"minecraft:cobbled_deepslate":9,"minecraft:spruce_planks":119,"minecraft:enchanted_golden_apple":1,"minecraft:melon_slice":16,"minecraft:coal_block":12,"minecraft:mangrove_log":1,"born_in_chaos_v1:shattered_skull":4,"simplefarming:raspberries":18,"minecraft:cherry_log":2,"minecraft:green_terracotta":7,"minecraft:stone_sword":1,"quark:clear_shard":36,"simplefarming:pepper_seeds":1,"minecraft:cyan_terracotta":5,"alexscaves:notor_gizmo":1,"minecraft:iron_bars":6,"securitycraft:reinforced_stripped_birch_log":2,"biomesoplenty:lavender":267,"minecraft:birch_log":6,"born_in_chaos_v1:staffof_magic_arrows":2,"minecraft:polished_diorite_slab":7,"minecraft:feather":1,"minecraft:cooked_beef":1,"born_in_chaos_v1:spiritual_dust":8,"minecraft:iron_door":2,"alexsmobs:bison_fur":4,"minecraft:flint":89,"jeg:scrap":194,"alexscaves:galena":717,"zombie_more:brain":2,"securitycraft:reinforced_stone_button":16,"simplefarming:cucumber_seeds":3,"undead_revamp2:blacpetalblock":4,"simplefarming:kenaf_seeds":4,"simplefarming:lettuce_seeds":3,"simplefarming:peanut_seeds":2,"simplefarming:radish_seeds":4,"minecraft:stripped_acacia_wood":10,"tombstone:scroll_of_feather_fall":1,"minecraft:dark_oak_log":4,"minecraft:barrel":2,"alexsmobs:animal_dictionary":1,"minecraft:bundle":19,"minecraft:polished_andesite":17,"minecraft:dispenser":1,"biomesoplenty:magic_planks":41,"jeg:repair_kit":1,"minecraft:granite":19,"minecraft:bread":38,"alexsmobs:maggot":2,"born_in_chaos_v1:rotten_fish":7,"simplefarming:cassava_seeds":3,"minecraft:crimson_roots":4,"alexscaves:raw_scarlet_neodymium":33,"sophisticatedbackpacks:gold_backpack":1,"minecraft:coarse_dirt":33,"minecraft:crafting_table":21,"born_in_chaos_v1:seedof_chaos":7,"biomesoplenty:jacaranda_sapling":3,"simplefarming:mango":22,"minecraft:flint_and_steel":1,"minecraft:cracked_stone_bricks":5,"minecraft:beef":99,"born_in_chaos_v1:gnawed_bones":1,"minecraft:iron_nugget":109,"minecraft:chest":1,"minecraft:birch_sapling":1,"minecraft:piston":1,"minecraft:egg":4,"minecraft:oak_door":1,"simplefarming:yam_seeds":2,"minecraft:spruce_fence":9,"sophisticatedbackpacks:backpack":1,"minecraft:fire_charge":1,"farmersdelight:tomato_seeds":1,"born_in_chaos_v1:pieceofdarkmetal":18,"minecraft:carrot":595,"minecraft:redstone":45,"minecraft:prismarine_crystals":3,"jeg:healing_talisman":6,"minecraft:diamond_chestplate":1,"biomesoplenty:jacaranda_log":163,"simplefarming:strawberries":12,"minecraft:yellow_terracotta":10,"tombstone:essence_of_undeath":7,"minecraft:gold_ingot":32,"sophisticatedbackpacks:copper_backpack":1,"minecraft:glow_berries":2,"minecraft:mutton":6,"immersive_aircraft:hull":1,"minecraft:rail":14,"minecraft:white_wool":28,"simplefarming:soybean_seeds":2,"born_in_chaos_v1:monster_flesh":14,"born_in_chaos_v1:pumpkin_staff":6,"minecraft:filled_map":1,"minecraft:oak_log":59,"simplefarming:broccoli_seeds":1,"minecraft:paper":6,"minecraft:white_banner":2,"tombstone:gift":2,"born_in_chaos_v1:soul_cutlass":3,"minecraft:apple":8,"minecraft:stone_bricks":19,"minecraft:kelp":3,"born_in_chaos_v1:smoked_flesh":7,"minecraft:cobweb":16,"tombstone:bag_of_seeds":2,"minecraft:iron_sword":2,"minecraft:dark_oak_slab":4,"quark:white_shard":9,"born_in_chaos_v1:orbofthe_summoner":2,"born_in_chaos_v1:ethereal_spirit":5,"immersive_aircraft:boiler":1,"minecraft:gravel":158,"simplefarming:blueberries":5,"born_in_chaos_v1:fangofthe_hound_leader":3,"minecraft:waxed_exposed_cut_copper_stairs":2,"biomesoplenty:jacaranda_leaves":5,"simplefarming:raspberry_bush":3,"jeg:handmade_shell":10,"biomesoplenty:flowering_oak_sapling":2,"minecraft:firework_rocket":2,"minecraft:slime_ball":18,"simplefarming:sweet_potato_seeds":1,"minecraft:stone_axe":2,"minecraft:gray_wool":13,"alexscaves:scarlet_neodymium_pillar":20,"minecraft:baked_potato":47,"minecraft:melon_seeds":8,"simplefarming:cotton_seeds":2,"minecraft:ender_pearl":19,"minecraft:wheat":29,"minecraft:redstone_block":6,"quark:hollow_oak_log":1,"alexscaves:cave_tablet":4,"minecraft:potion":6,"minecraft:stone_brick_stairs":1,"tombstone:grave_key":4,"born_in_chaos_v1:holiday_candy":16,"minecraft:raw_copper":104,"minecraft:smooth_stone":12,"minecraft:rose_bush":1,"minecraft:redstone_torch":4,"minecraft:cobblestone_slab":12,"minecraft:smooth_quartz":65,"minecraft:iron_pickaxe":6,"minecraft:iron_boots":1,"minecraft:furnace":14,"minecraft:tipped_arrow":6,"minecraft:stick":36,"jeg:pistol_ammo":315,"minecraft:oak_fence":2,"minecraft:torch":102,"alexscaves:raw_azure_neodymium":32,"minecraft:spruce_stairs":7,"minecraft:porkchop":6,"tombstone:grave_dust":83,"minecraft:pointed_dripstone":3,"minecraft:diorite":63,"born_in_chaos_v1:nightmare_claw":1,"minecraft:rotten_flesh":630,"minecraft:stripped_birch_wood":7,"undead_revamp2:arapholia":2,"minecraft:cobblestone":2124,"minecraft:lilac":12,"minecraft:repeater":1,"minecraft:andesite":22,"minecraft:potato":193,"biomesoplenty:redwood_door":1,"alexscaves:cave_book":1,"undead_revamp2:huntereye":1,"minecraft:wither_skeleton_skull":4,"minecraft:lapis_lazuli":3,"minecraft:dirt":582,"minecraft:polished_granite":1,"zombie_more:crawler_gut":5,"minecraft:name_tag":1,"born_in_chaos_v1:monster_skin":6,"minecraft:leather_boots":1,"minecraft:bone":275,"minecraft:acacia_planks":7,"minecraft:bow":1,"minecraft:wheat_seeds":210,"minecraft:mossy_stone_bricks":1,"minecraft:powered_rail":6,"minecraft:oak_planks":97,"simplefarming:corn_seeds":4,"minecraft:cooked_porkchop":18,"minecraft:poisonous_potato":1,"minecraft:jungle_planks":3,"minecraft:sand":18,"simplyswords:iron_greathammer":1,"minecraft:mossy_cobblestone":2,"minecraft:dark_prismarine":20,"simplyswords:iron_twinblade":4,"born_in_chaos_v1:fire_dust":2,"minecraft:diamond":7,"minecraft:black_concrete":44,"jeg:custom_smg":3,"minecraft:bone_meal":2,"simplefarming:cherries":7,"minecraft:emerald":3,"biomesoplenty:pink_daffodil":1,"pfm:furniture_book":1,"minecraft:oak_sapling":13,"minecraft:netherrack":4,"minecraft:end_stone_bricks":1,"minecraft:fishing_rod":1,"minecraft:charcoal":198,"minecraft:waxed_oxidized_cut_copper":4,"simplefarming:pea_seeds":2,"minecraft:allium":1,"minecraft:ladder":3,"minecraft:cooked_rabbit":2,"minecraft:stone_brick_wall":1,"jeg:scrap_workbench":1,"minecraft:chain":8,"minecraft:shield":3,"alexscaves:metal_swarf":12,"simplefarming:sorghum_seeds":1,"minecraft:moss_carpet":4,"immersive_aircraft:biplane":14,"minecraft:quartz_slab":2,"minecraft:item_frame":2,"minecraft:cyan_carpet":19,"minecraft:candle":1,"minecraft:observer":2,"minecraft:light_gray_wool":2,"minecraft:sugar_cane":4,"simplefarming:barley_seeds":1,"minecraft:phantom_membrane":37,"minecraft:raw_iron":147,"simplefarming:pear":7,"minecraft:copper_ingot":119,"simplyswords:iron_cutlass":1,"minecraft:dark_oak_planks":33,"minecraft:smooth_sandstone_slab":3,"biomesoplenty:redwood_planks":1,"minecraft:arrow":69,"minecraft:pumpkin_pie":7,"alexscaves:spelunkery_table":1,"simplefarming:ginger_seeds":3,"minecraft:skeleton_skull":1,"born_in_chaos_v1:fused_bone":5,"minecraft:cracked_deepslate_tiles":2,"born_in_chaos_v1:corpse_maggot":56,"minecraft:golden_carrot":13,"minecraft:glow_ink_sac":13,"minecraft:leather":22,"minecraft:birch_planks":13,"biomesoplenty:jacaranda_door":4,"quark:smithing_template_rune":1,"simplyswords:iron_claymore":1,"minecraft:crimson_fungus":1,"biomesoplenty:jacaranda_planks":286,"minecraft:gunpowder":119,"jeg:grenade":4,"minecraft:cooked_mutton":4,"minecraft:smooth_sandstone":16,"minecraft:red_carpet":5,"simplyswords:iron_warglaive":1,"minecraft:spruce_wood":4,"minecraft:iron_ingot":205,"minecraft:cooked_chicken":4,"simplefarming:pear_sapling":1,"minecraft:polished_andesite_slab":1,"jeg:tech_trash":16,"sophisticatedbackpacks:diamond_backpack":2,"minecraft:book":87,"minecraft:pumpkin":1,"minecraft:stone_brick_slab":1,"minecraft:dripstone_block":5,"born_in_chaos_v1:dark_rod":2,"minecraft:white_bed":14,"simplefarming:squash_seeds":4,"quark:oak_chest":3,"minecraft:mossy_stone_brick_slab":1,"minecraft:spider_eye":43,"simplefarming:blackberries":4,"simplyswords:diamond_greathammer":1,"minecraft:music_disc_mall":1,"minecraft:pumpkin_seeds":73,"minecraft:iron_helmet":1,"alexscaves:azure_neodymium_pillar":21,"tombstone:magic_scroll":14,"minecraft:acacia_slab":3,"minecraft:red_concrete":39,"minecraft:dark_oak_wood":4,"minecraft:coal":245},"minecraft:used":{"minecraft:beetroot":2,"minecraft:dispenser":1,"simplefarming:cherries":7,"securitycraft:keypad_item":2,"minecraft:cracked_deepslate_tiles":2,"born_in_chaos_v1:soul_cutlass":289,"born_in_chaos_v1:smoked_flesh":28,"minecraft:lava_bucket":1,"minecraft:birch_sapling":1,"minecraft:stone_brick_stairs":1,"biomesoplenty:jacaranda_sapling":3,"minecraft:bow":87,"minecraft:furnace":25,"minecraft:oak_sapling":7,"minecraft:egg":4,"immersive_aircraft:biplane":13,"minecraft:potato":49,"minecraft:diorite":41,"minecraft:end_stone_bricks":1,"minecraft:wooden_pickaxe":3,"biomesoplenty:flowering_oak_sapling":2,"minecraft:glow_berries":16,"minecraft:golden_apple":6,"securitycraft:universal_block_remover":2,"biomesoplenty:jacaranda_planks":623,"born_in_chaos_v1:monster_flesh":1,"minecraft:cyan_carpet":6,"born_in_chaos_v1:staffof_magic_arrows":1,"minecraft:polished_granite":1,"minecraft:lilac":4,"minecraft:polished_andesite_slab":1,"minecraft:diamond_sword":181,"minecraft:stripped_acacia_wood":4,"simplyswords:iron_cutlass":250,"securitycraft:reinforced_stripped_birch_log":1,"simplyswords:iron_warglaive":656,"born_in_chaos_v1:fried_maggot":8,"minecraft:netherrack":4,"minecraft:torch":171,"simplyswords:diamond_longsword":112,"minecraft:shroomlight":1,"minecraft:iron_axe":244,"biomesoplenty:tall_lavender":1,"minecraft:smooth_quartz":3,"minecraft:barrel":1,"minecraft:diamond_chestplate":2,"farmersdelight:cooking_pot":1,"tombstone:gift":4,"undead_revamp2:arapholia":1,"minecraft:acacia_planks":30,"minecraft:cobbled_deepslate":2,"minecraft:observer":2,"minecraft:pointed_dripstone":2,"minecraft:knowledge_book":136,"minecraft:wheat_seeds":4,"minecraft:water_bucket":166,"minecraft:birch_planks":13,"minecraft:smooth_sandstone_slab":3,"simplefarming:pear":7,"minecraft:crafting_table":31,"minecraft:white_bed":15,"minecraft:oak_log":2,"minecraft:dark_prismarine":18,"minecraft:waxed_exposed_cut_copper_stairs":2,"tombstone:tablet_of_assistance":1,"minecraft:iron_pickaxe":2014,"tombstone:magic_scroll":2,"jeg:scrap_workbench":1,"minecraft:cobblestone":303,"minecraft:potion":1,"minecraft:cooked_porkchop":20,"quark:oak_chest":5,"minecraft:candle":1,"tombstone:scroll_of_unstable_intangibility":1,"minecraft:moss_carpet":2,"minecraft:polished_deepslate":8,"minecraft:shield":485,"minecraft:iron_sword":714,"alexscaves:galena":392,"minecraft:green_terracotta":7,"simplefarming:mango":22,"minecraft:carrot":736,"simplefarming:blueberries":2,"jeg:custom_smg":562,"simplefarming:raspberries":13,"jeg:grenade":1,"born_in_chaos_v1:corpse_maggot":23,"horror_element_mod:human_remains":4,"minecraft:cyan_terracotta":5,"minecraft:iron_helmet":1,"minecraft:stone_bricks":6,"minecraft:item_frame":2,"minecraft:red_carpet":5,"born_in_chaos_v1:fel_lamp":9,"minecraft:stone_pickaxe":1108,"minecraft:oak_planks":40,"minecraft:polished_diorite_slab":6,"minecraft:ender_pearl":3,"biomesoplenty:lavender":13,"minecraft:diamond_axe":219,"minecraft:sugar_cane":4,"minecraft:white_wool":1,"simplefarming:strawberries":4,"minecraft:yellow_terracotta":10,"simplyswords:iron_chakram":284,"biomesoplenty:magic_planks":23,"minecraft:dripstone_block":1,"minecraft:shears":14,"simplyswords:iron_greathammer":492,"minecraft:dark_oak_log":4,"minecraft:melon_slice":16,"minecraft:bread":139,"born_in_chaos_v1:pumpkin_staff":5,"tombstone:grave_key":21,"born_in_chaos_v1:rotten_fish":1,"minecraft:chainmail_boots":1,"minecraft:cooked_rabbit":2,"minecraft:andesite":11,"minecraft:chain":3,"minecraft:coarse_dirt":32,"biomesoplenty:jacaranda_leaves":5,"minecraft:bone_meal":85,"pfm:oak_gray_simple_bed":1,"simplyswords:iron_claymore":249,"minecraft:flint_and_steel":8,"minecraft:stone_shovel":91,"minecraft:dried_kelp":4,"undead_revamp2:blacpetalblock":1,"minecraft:spruce_planks":47,"minecraft:stone_hoe":131,"minecraft:cooked_chicken":5,"minecraft:oak_door":2,"minecraft:dirt":337,"minecraft:spruce_stairs":4,"minecraft:granite":6,"minecraft:spruce_fence":4,"minecraft:stone_brick_slab":1,"minecraft:wooden_axe":11,"minecraft:dark_oak_planks":11,"minecraft:acacia_slab":1,"minecraft:smooth_sandstone":16,"simplyswords:diamond_greathammer":961,"minecraft:iron_boots":3,"minecraft:light_gray_wool":1,"minecraft:golden_carrot":100,"minecraft:cooked_beef":57,"minecraft:pumpkin":1,"minecraft:cooked_mutton":11,"biomesoplenty:jacaranda_door":7,"farmersdelight:skillet":4,"minecraft:polished_andesite":1,"minecraft:baked_potato":153,"simplyswords:iron_twinblade":75,"simplefarming:blackberries":4,"tombstone:bag_of_seeds":1,"minecraft:flower_pot":1,"minecraft:apple":23,"minecraft:stone_axe":256,"minecraft:white_banner":1,"minecraft:bucket":168,"minecraft:pumpkin_pie":7,"minecraft:gray_wool":8,"minecraft:smooth_stone":9},"minecraft:killed_by":{"minecraft:zombie":39,"minecraft:stray":6,"alexsmobs:bison":1,"undead_revamp2:thespitter":1,"minecraft:cave_spider":1,"minecraft:witch":1,"minecraft:player":3,"minecraft:skeleton":6,"minecraft:phantom":1}},"DataVersion":3465}