{"stats":{"minecraft:used":{"minecraft:knowledge_book":11,"minecraft:dirt":12},"minecraft:custom":{"minecraft:jump":74,"minecraft:time_since_rest":14411,"minecraft:damage_taken":1031,"minecraft:leave_game":2,"minecraft:sprint_one_cm":9346,"minecraft:play_time":24768,"minecraft:walk_one_cm":43404,"minecraft:time_since_death":15326,"minecraft:deaths":1,"minecraft:sneak_time":2,"minecraft:total_world_time":24768,"minecraft:damage_resisted":14,"minecraft:drop":1,"minecraft:fall_one_cm":9057,"minecraft:fly_one_cm":1879},"minecraft:picked_up":{"pfm:furniture_book":1,"minecraft:dirt":16},"minecraft:dropped":{"pfm:furniture_book":1},"minecraft:mined":{"minecraft:grass_block":8,"minecraft:dirt":8}},"DataVersion":3465}