{"stats":{"minecraft:killed":{"zombie_more:cursed_zombie":2,"minecraft:cave_spider":5,"born_in_chaos_v1:zombie_lumberjack":2,"born_in_chaos_v1:skeleton_demoman":1,"born_in_chaos_v1:siamese_skeletonsright":1,"minecraft:skeleton":18,"born_in_chaos_v1:skeleton_thrasher":1,"minecraft:zombie":78,"born_in_chaos_v1:corpse_fly":1,"minecraft:cow":1,"undead_revamp2:thehunter":1,"undead_revamp2:thebidy":2,"born_in_chaos_v1:spiritof_chaos":1,"undead_revamp2:the_moonflower":14,"born_in_chaos_v1:decrepit_skeleton":6,"minecraft:enderman":1,"minecraft:witch":1,"minecraft:spider":5,"undead_revamp2:thesmoker":4,"born_in_chaos_v1:scarlet_persecutor":3,"minecraft:pig":3,"minecraft:creeper":12,"minecraft:sheep":5,"born_in_chaos_v1:dread_hound":7,"alexsmobs:terrapin":1,"minecraft:stray":2,"alexsmobs:fly":5,"born_in_chaos_v1:siamese_skeletonsleft":1,"born_in_chaos_v1:zombie_bruiser":3,"born_in_chaos_v1:maggot":22,"born_in_chaos_v1:corpse_fish":1,"undead_revamp2:sucker":4,"born_in_chaos_v1:mr_pumpkin_controlled":1,"born_in_chaos_v1:fallen_chaos_knight":1,"zombie_more:crawler_zombie":7,"minecraft:bat":1,"minecraft:squid":3,"born_in_chaos_v1:decaying_zombie":1,"alexsmobs:crow":2,"minecraft:wither_skeleton":3},"minecraft:custom":{"minecraft:interact_with_crafting_table":213,"minecraft:open_barrel":167,"minecraft:bell_ring":15,"minecraft:leave_game":13,"minecraft:time_since_death":24762,"minecraft:damage_blocked_by_shield":9675,"minecraft:play_time":1072243,"minecraft:deaths":137,"tombstone:tomb_raiding":1,"minecraft:jump":14594,"minecraft:interact_with_furnace":280,"minecraft:sleep_in_bed":17,"tombstone:sneak_grave":15,"minecraft:damage_dealt":47511,"tombstone:undead_killed":152,"minecraft:interact_with_smoker":3,"minecraft:inspect_dispenser":47,"minecraft:damage_dealt_absorbed":99,"minecraft:sneak_time":37687,"minecraft:interact_with_blast_furnace":10,"minecraft:total_world_time":1072243,"tombstone:raider_killed":1,"minecraft:tune_noteblock":1,"minecraft:interact_with_stonecutter":9,"minecraft:time_since_rest":24746,"minecraft:swim_one_cm":365070,"minecraft:fly_one_cm":2897357,"minecraft:open_chest":792,"minecraft:fall_one_cm":496224,"minecraft:damage_resisted":230,"minecraft:sprint_one_cm":2512844,"minecraft:drop":416,"minecraft:talked_to_villager":3,"minecraft:walk_on_water_one_cm":185996,"minecraft:player_kills":3,"minecraft:crouch_one_cm":109632,"minecraft:mob_kills":247,"minecraft:damage_dealt_resisted":4004,"minecraft:climb_one_cm":75182,"minecraft:walk_one_cm":2421795,"minecraft:walk_under_water_one_cm":131083,"minecraft:damage_taken":62044,"minecraft:damage_absorbed":80,"minecraft:trigger_trapped_chest":6},"minecraft:mined":{"minecraft:dark_oak_planks":8,"minecraft:blue_carpet":3,"minecraft:white_bed":11,"minecraft:light_blue_carpet":3,"minecraft:acacia_log":22,"minecraft:stone_brick_wall":1,"minecraft:deepslate_tile_stairs":2,"minecraft:oxeye_daisy":1,"minecraft:nether_wart":30,"minecraft:spawner":24,"minecraft:tall_seagrass":2,"minecraft:dark_oak_trapdoor":13,"minecraft:fire":5,"minecraft:sticky_piston":2,"minecraft:barrel":3,"biomesoplenty:lavender":1,"minecraft:moss_carpet":2,"minecraft:enchanting_table":1,"minecraft:sculk_shrieker":1,"minecraft:cut_sandstone":5,"minecraft:brown_mushroom":1,"minecraft:torch":20,"minecraft:blast_furnace":4,"quark:blossom_log":1,"minecraft:glass":1,"minecraft:chain":3,"minecraft:mud":1,"minecraft:wheat":57,"minecraft:lilac":2,"minecraft:birch_door":2,"minecraft:stone_brick_stairs":1,"minecraft:grass":98,"quark:birch_chest":2,"horror_element_mod:dead_cow":1,"minecraft:stripped_birch_wood":8,"minecraft:stonecutter":1,"minecraft:deepslate":73,"minecraft:mossy_cobblestone":4,"minecraft:stripped_birch_log":40,"minecraft:dark_oak_log":179,"minecraft:allium":1,"minecraft:red_mushroom":1,"alexscaves:galena":1,"biomesoplenty:jacaranda_log":8,"minecraft:andesite":6,"minecraft:potatoes":16,"biomesoplenty:high_grass":20,"minecraft:vine":13,"minecraft:bamboo":91,"jeg:scrap_ore":12,"quark:oak_chest":31,"biomesoplenty:high_grass_plant":51,"minecraft:tall_grass":3,"minecraft:diorite":26,"jeg:scrap_workbench":1,"minecraft:coarse_dirt":19,"minecraft:spruce_log":50,"minecraft:birch_leaves":3,"securitycraft:dirt_mine":3,"minecraft:zombie_head":1,"minecraft:gravel":6,"minecraft:dripstone_block":8,"minecraft:cobweb":64,"minecraft:acacia_planks":9,"minecraft:stone_bricks":25,"minecraft:fern":2,"minecraft:oak_sapling":1,"minecraft:spruce_planks":14,"farmersdelight:rich_soil":9,"minecraft:farmland":2,"minecraft:sculk_vein":3,"minecraft:grass_block":942,"minecraft:composter":1,"minecraft:smooth_stone":8,"minecraft:iron_ore":58,"minecraft:dark_oak_stairs":20,"minecraft:pointed_dripstone":78,"minecraft:end_stone_bricks":5,"simplefarming:fruit_log":1,"minecraft:cyan_terracotta":1,"minecraft:soul_lantern":1,"minecraft:clay":171,"minecraft:poppy":2,"minecraft:chest":1,"minecraft:cobblestone":58,"minecraft:oak_planks":25,"minecraft:wall_torch":23,"minecraft:stone_stairs":17,"minecraft:dark_oak_slab":11,"minecraft:dark_oak_door":5,"minecraft:birch_log":66,"minecraft:light_gray_wool":2,"minecraft:oak_log":166,"minecraft:beetroots":1,"minecraft:dirt":787,"minecraft:sand":207,"minecraft:dispenser":2,"minecraft:oak_leaves":155,"minecraft:tuff":4,"minecraft:dark_oak_leaves":34,"minecraft:oak_door":2,"minecraft:glow_lichen":3,"biomesoplenty:bush":19,"minecraft:polished_andesite_slab":1,"minecraft:spruce_leaves":1,"farmersdelight:red_mushroom_colony":1,"minecraft:spore_blossom":1,"minecraft:furnace":4,"minecraft:carrots":61,"minecraft:stripped_spruce_log":80,"minecraft:polished_deepslate":15,"minecraft:bookshelf":150,"minecraft:shroomlight":1,"minecraft:stripped_jungle_log":1,"minecraft:stone":1471,"minecraft:acacia_leaves":1,"minecraft:crafting_table":4,"minecraft:stone_slab":5,"minecraft:sculk":1,"minecraft:spruce_stairs":1,"minecraft:gray_wool":4,"minecraft:birch_planks":4,"biomesoplenty:pink_daffodil":9,"minecraft:coal_ore":64,"minecraft:cracked_stone_bricks":3,"minecraft:polished_andesite":2,"minecraft:small_dripleaf":2,"biomesoplenty:redwood_wood":1},"minecraft:broken":{"minecraft:diamond_helmet":3,"minecraft:iron_boots":3,"minecraft:iron_chestplate":1,"minecraft:iron_leggings":2,"minecraft:wooden_sword":3,"minecraft:iron_sword":1,"simplyswords:iron_greathammer":1,"minecraft:diamond_leggings":1,"minecraft:shield":3,"minecraft:iron_axe":2,"minecraft:iron_pickaxe":5,"minecraft:iron_shovel":3,"minecraft:diamond_boots":1,"minecraft:stone_shovel":1,"minecraft:diamond_chestplate":1},"minecraft:dropped":{"sophisticatedbackpacks:iron_backpack":3,"minecraft:iron_sword":2,"minecraft:chorus_fruit":2,"minecraft:glass_bottle":6,"minecraft:diamond":20,"minecraft:cooked_porkchop":2,"immersive_aircraft:biplane":1,"minecraft:cracked_stone_bricks":1,"minecraft:saddle":1,"minecraft:emerald":2,"sophisticatedbackpacks:gold_backpack":1,"born_in_chaos_v1:monster_flesh":15,"minecraft:dirt":73,"simplefarming:rye_seeds":1,"minecraft:chain":2,"simplefarming:blackberries":1,"minecraft:iron_pickaxe":4,"minecraft:dark_oak_planks":5,"minecraft:bone":15,"minecraft:oak_door":1,"minecraft:note_block":1,"minecraft:magenta_banner":1,"minecraft:stone_axe":2,"minecraft:iron_nugget":11,"minecraft:golden_chestplate":1,"minecraft:cobbled_deepslate":4,"minecraft:birch_sapling":3,"undead_revamp2:arapholia":1,"minecraft:rotten_flesh":139,"minecraft:oak_planks":37,"minecraft:white_bed":1,"simplefarming:honeydew_seeds":1,"minecraft:charcoal":12,"minecraft:music_disc_mall":1,"simplefarming:blackberry_bush":2,"minecraft:end_stone_bricks":1,"minecraft:egg":1,"minecraft:wheat_seeds":45,"minecraft:golden_horse_armor":1,"minecraft:book":381,"minecraft:iron_helmet":1,"minecraft:cobblestone":27,"minecraft:knowledge_book":16,"minecraft:granite":13,"minecraft:coal":14,"simplefarming:corn_seeds":2,"minecraft:oxeye_daisy":4,"minecraft:golden_carrot":26,"minecraft:diamond_helmet":2,"minecraft:potion":3,"minecraft:oak_stairs":1,"minecraft:smooth_stone":7,"minecraft:string":19,"minecraft:blue_carpet":3,"minecraft:moss_carpet":7,"sophisticatedbackpacks:backpack":1,"securitycraft:reinforced_cobblestone":9,"minecraft:pumpkin_seeds":4,"minecraft:allium":1,"minecraft:spruce_planks":19,"minecraft:bundle":2,"quark:birch_chest":1,"minecraft:light_blue_carpet":3,"minecraft:stone_bricks":7,"minecraft:spider_eye":2,"minecraft:bow":1,"jeg:pistol_ammo":2,"minecraft:birch_planks":6,"minecraft:ender_pearl":1,"minecraft:stripped_birch_wood":4,"simplefarming:sweet_potato_seeds":1,"minecraft:honeycomb":1,"minecraft:flint":27,"minecraft:deepslate_tile_stairs":1,"minecraft:redstone_lamp":2,"tombstone:bag_of_seeds":1,"born_in_chaos_v1:monster_skin":8,"minecraft:cut_sandstone":5,"minecraft:gravel":2,"born_in_chaos_v1:ethereal_spirit":2,"minecraft:pointed_dripstone":7,"minecraft:diamond_shovel":1,"minecraft:carrot":47,"minecraft:poppy":5,"minecraft:gunpowder":2,"minecraft:beetroot_seeds":4,"born_in_chaos_v1:corpse_maggot":9,"zombie_more:acid_drool":2,"simplyswords:diamond_greathammer":2,"minecraft:iron_bars":3,"minecraft:arrow":28,"minecraft:water_bucket":5,"minecraft:bread":3,"minecraft:lilac":6,"simplefarming:turnip_seeds":8,"minecraft:copper_ingot":8,"minecraft:stick":14,"simplefarming:zucchini_seeds":1,"minecraft:iron_block":25,"born_in_chaos_v1:pumpkin_staff":1,"minecraft:diorite":3,"minecraft:torch":66,"tombstone:grave_key":8,"tombstone:grave_dust":3,"minecraft:iron_leggings":1,"minecraft:music_disc_ward":2,"minecraft:iron_axe":1,"minecraft:dandelion":3,"minecraft:polished_deepslate":14,"securitycraft:mine":7,"alexsmobs:maggot":6,"minecraft:tuff":1,"minecraft:raw_iron":13,"minecraft:light_gray_wool":4,"quark:white_shard":8,"simplefarming:kenaf_seeds":2,"minecraft:filled_map":1,"minecraft:shield":5,"minecraft:diamond_chestplate":2,"minecraft:iron_chestplate":1,"minecraft:andesite":1,"minecraft:quartz_stairs":1,"minecraft:oak_sapling":3,"minecraft:waxed_oxidized_cut_copper":1,"minecraft:golden_sword":1,"minecraft:diamond_boots":1,"minecraft:slime_ball":47,"simplefarming:quinoa_seeds":6,"minecraft:stone_pickaxe":3,"tombstone:tablet_of_cupidity":1,"simplyswords:iron_greathammer":2,"simplefarming:sorghum_seeds":10},"minecraft:crafted":{"minecraft:smooth_stone":12,"quark:birch_chest":2,"minecraft:birch_slab":12,"minecraft:diamond_shovel":1,"securitycraft:keypad_item":1,"minecraft:bookshelf":41,"minecraft:cooked_mutton":5,"minecraft:glass":206,"minecraft:diamond_helmet":5,"minecraft:diamond_leggings":1,"minecraft:birch_door":3,"minecraft:glass_bottle":123,"minecraft:cooked_porkchop":18,"securitycraft:reinforced_stone_button":10,"minecraft:copper_ingot":5,"minecraft:stone_slab":78,"quark:oak_chest":30,"minecraft:iron_pickaxe":10,"minecraft:iron_block":25,"minecraft:golden_carrot":138,"minecraft:stone_shovel":2,"minecraft:iron_nugget":63,"minecraft:stone_stairs":52,"minecraft:terracotta":60,"minecraft:lantern":9,"minecraft:dark_oak_fence":21,"minecraft:spruce_stairs":8,"minecraft:spruce_slab":6,"minecraft:stone_pickaxe":3,"minecraft:diamond_boots":1,"minecraft:redstone_block":1,"minecraft:dark_oak_planks":684,"sophisticatedbackpacks:gold_backpack":1,"minecraft:wooden_axe":1,"minecraft:iron_shovel":3,"minecraft:iron_leggings":3,"minecraft:white_bed":1,"securitycraft:mine":30,"minecraft:oak_planks":976,"minecraft:barrel":24,"minecraft:stone":406,"minecraft:heavy_weighted_pressure_plate":1,"securitycraft:laser_block":1,"minecraft:dark_oak_door":3,"minecraft:bow":10,"minecraft:iron_boots":3,"tombstone:grave_key":3,"minecraft:chest":22,"minecraft:stone_hoe":1,"minecraft:golden_sword":1,"minecraft:oak_slab":30,"biomesoplenty:jacaranda_planks":4,"minecraft:crafting_table":19,"minecraft:spruce_planks":228,"minecraft:iron_helmet":1,"minecraft:wooden_pickaxe":1,"minecraft:birch_planks":288,"minecraft:dispenser":9,"minecraft:dark_oak_slab":378,"minecraft:iron_chestplate":2,"minecraft:shield":7,"minecraft:stick":260,"sophisticatedbackpacks:diamond_backpack":1,"minecraft:iron_ingot":281,"minecraft:shears":1,"securitycraft:universal_block_reinforcer_lvl1":1,"minecraft:wooden_sword":3,"minecraft:oak_door":3,"minecraft:coal":63,"simplyswords:diamond_greathammer":2,"minecraft:furnace":12,"minecraft:stone_button":8,"minecraft:blast_furnace":2,"minecraft:dark_oak_trapdoor":22,"minecraft:glass_pane":96,"minecraft:iron_axe":5,"sophisticatedbackpacks:iron_backpack":1,"minecraft:cooked_beef":6,"minecraft:dark_oak_stairs":184,"minecraft:iron_sword":2,"minecraft:bucket":1,"minecraft:stone_axe":1,"minecraft:air":0,"minecraft:jungle_planks":8,"securitycraft:dirt_mine":9,"minecraft:gold_nugget":1082,"minecraft:stonecutter":1,"minecraft:acacia_planks":84,"minecraft:torch":416,"minecraft:clay":171,"minecraft:diamond_chestplate":1},"minecraft:picked_up":{"minecraft:wooden_axe":1,"minecraft:birch_door":3,"minecraft:stone_slab":7,"minecraft:enchanted_book":1,"minecraft:knowledge_book":13,"minecraft:polished_deepslate":25,"minecraft:music_disc_cat":1,"minecraft:dark_oak_trapdoor":16,"minecraft:string":149,"simplefarming:zucchini_seeds":2,"zombie_more:acid_drool":3,"minecraft:shroomlight":1,"minecraft:beetroot":2,"minecraft:cobbled_deepslate":16,"minecraft:gold_nugget":74,"minecraft:spruce_planks":49,"biomesoplenty:redwood_wood":1,"minecraft:coal_block":8,"minecraft:dark_oak_door":7,"born_in_chaos_v1:shattered_skull":1,"minecraft:acacia_log":24,"quark:blossom_log":1,"born_in_chaos_v1:pileof_dark_metal":2,"minecraft:cherry_log":1,"minecraft:deepslate_tile_stairs":1,"tombstone:tablet_of_cupidity":1,"quark:clear_shard":4,"minecraft:honey_bottle":1,"minecraft:polished_basalt":1,"minecraft:iron_block":25,"minecraft:cyan_terracotta":1,"minecraft:white_terracotta":1,"minecraft:iron_bars":3,"biomesoplenty:lavender":1,"minecraft:birch_log":69,"minecraft:cooked_beef":6,"minecraft:feather":4,"minecraft:water_bucket":4,"minecraft:jungle_log":2,"minecraft:flint":387,"jeg:scrap":20,"minecraft:lantern":14,"alexscaves:galena":2,"simplefarming:cucumber_seeds":3,"undead_revamp2:blacpetalblock":1,"minecraft:stonecutter":1,"simplefarming:kenaf_seeds":3,"minecraft:diamond_helmet":1,"minecraft:honeycomb":1,"minecraft:stripped_spruce_log":75,"sophisticatedbackpacks:iron_backpack":3,"minecraft:ink_sac":4,"minecraft:dark_oak_log":177,"minecraft:barrel":3,"minecraft:bundle":3,"minecraft:dispenser":2,"minecraft:granite":13,"minecraft:bread":3,"alexsmobs:maggot":11,"minecraft:dark_oak_fence":4,"sophisticatedbackpacks:gold_backpack":1,"minecraft:mud":1,"minecraft:coarse_dirt":19,"minecraft:crafting_table":5,"minecraft:nether_wart":93,"minecraft:clay_ball":684,"born_in_chaos_v1:seedof_chaos":3,"minecraft:redstone_lamp":2,"minecraft:flint_and_steel":1,"minecraft:cracked_stone_bricks":2,"minecraft:beef":1,"minecraft:iron_nugget":26,"minecraft:poppy":5,"quark:music_disc_endermosh":2,"minecraft:chest":1,"minecraft:birch_sapling":23,"minecraft:egg":1,"minecraft:stone":20,"minecraft:oak_door":3,"minecraft:white_dye":4,"farmersdelight:tomato_seeds":2,"minecraft:carrot":531,"minecraft:redstone":23,"minecraft:blue_carpet":7,"minecraft:stone_shovel":1,"minecraft:diamond_chestplate":3,"biomesoplenty:jacaranda_log":8,"minecraft:beetroot_seeds":8,"minecraft:peony":1,"minecraft:diamond_boots":1,"tombstone:essence_of_undeath":3,"minecraft:gold_ingot":36,"minecraft:mutton":6,"minecraft:white_wool":6,"minecraft:oxeye_daisy":3,"born_in_chaos_v1:monster_flesh":28,"born_in_chaos_v1:pumpkin_staff":1,"minecraft:red_mushroom":12,"simplefarming:rye_seeds":1,"minecraft:oak_log":244,"tombstone:gift":1,"simplefarming:grape_seeds":1,"minecraft:apple":3,"minecraft:stone_bricks":21,"minecraft:spore_blossom":1,"minecraft:stone_pickaxe":1,"minecraft:cobweb":3,"tombstone:bag_of_seeds":3,"minecraft:glass_bottle":9,"minecraft:dark_oak_stairs":25,"simplefarming:quinoa_seeds":6,"minecraft:dark_oak_slab":19,"quark:white_shard":8,"born_in_chaos_v1:ethereal_spirit":8,"minecraft:gravel":4,"simplefarming:blueberries":2,"minecraft:spruce_log":46,"minecraft:diamond_shovel":1,"minecraft:slime_ball":222,"simplefarming:sweet_potato_seeds":1,"minecraft:stone_axe":2,"minecraft:polished_diorite":1,"minecraft:light_blue_carpet":6,"minecraft:ender_pearl":4,"minecraft:wheat":127,"simplefarming:turnip_seeds":8,"quark:music_disc_drips":1,"quark:hollow_oak_log":7,"alexscaves:cave_tablet":4,"minecraft:potion":9,"minecraft:stone_brick_stairs":1,"tombstone:grave_key":7,"minecraft:smooth_stone_slab":2,"minecraft:iron_leggings":1,"minecraft:sticky_piston":1,"minecraft:zombie_head":3,"minecraft:smooth_stone":12,"minecraft:bucket":1,"minecraft:iron_pickaxe":2,"minecraft:furnace":5,"minecraft:tipped_arrow":2,"minecraft:stick":25,"born_in_chaos_v1:phantom_powder":2,"minecraft:torch":275,"minecraft:spruce_stairs":1,"minecraft:porkchop":14,"tombstone:grave_dust":25,"minecraft:pointed_dripstone":200,"minecraft:diorite":32,"minecraft:quartz_block":1,"minecraft:rotten_flesh":245,"minecraft:music_disc_ward":2,"minecraft:stripped_birch_wood":8,"undead_revamp2:arapholia":3,"minecraft:cobblestone":1989,"minecraft:enchanting_table":1,"minecraft:lilac":11,"minecraft:andesite":12,"minecraft:potato":149,"minecraft:tuff":1,"minecraft:lapis_lazuli":4,"minecraft:dirt":1974,"minecraft:stripped_birch_log":47,"born_in_chaos_v1:monster_skin":8,"minecraft:bone":57,"minecraft:acacia_planks":9,"minecraft:bow":1,"minecraft:wheat_seeds":296,"minecraft:bamboo":654,"minecraft:oak_planks":26,"minecraft:stone_hoe":1,"simplefarming:corn_seeds":2,"minecraft:cooked_porkchop":3,"securitycraft:dirt_mine":3,"minecraft:sand":207,"securitycraft:reinforced_stone":10,"simplyswords:iron_greathammer":3,"minecraft:mossy_cobblestone":3,"minecraft:soul_lantern":9,"minecraft:bone_meal":1,"biomesoplenty:pink_daffodil":9,"minecraft:oak_sapling":28,"minecraft:chorus_fruit":2,"minecraft:oak_leaves":65,"minecraft:end_stone_bricks":5,"minecraft:waxed_oxidized_cut_copper":1,"minecraft:allium":1,"minecraft:ladder":1,"minecraft:brown_mushroom":2,"jeg:scrap_workbench":1,"minecraft:chain":5,"minecraft:shield":5,"minecraft:stone_stairs":23,"minecraft:moss_carpet":14,"simplefarming:sorghum_seeds":10,"minecraft:iron_axe":2,"immersive_aircraft:biplane":1,"minecraft:item_frame":8,"simplyswords:runic_tablet":1,"minecraft:light_gray_wool":4,"tombstone:tablet_of_assistance":1,"minecraft:phantom_membrane":8,"minecraft:dark_oak_sapling":5,"minecraft:raw_iron":74,"simplefarming:cantaloupe_seeds":1,"minecraft:copper_ingot":31,"minecraft:note_block":1,"quark:birch_chest":3,"minecraft:dark_oak_planks":13,"minecraft:arrow":41,"minecraft:jungle_stairs":1,"born_in_chaos_v1:fused_bone":2,"born_in_chaos_v1:corpse_maggot":27,"farmersdelight:rich_soil":18,"minecraft:golden_carrot":12,"minecraft:magenta_banner":1,"minecraft:leather":4,"minecraft:cut_sandstone":5,"minecraft:birch_planks":10,"minecraft:gunpowder":41,"minecraft:cooked_mutton":11,"simplefarming:honeydew_seeds":1,"minecraft:iron_ingot":81,"minecraft:polished_andesite_slab":1,"jeg:tech_trash":8,"minecraft:book":492,"minecraft:dandelion":2,"minecraft:dripstone_block":8,"minecraft:blast_furnace":4,"minecraft:white_bed":14,"quark:oak_chest":33,"minecraft:spider_eye":7,"simplyswords:diamond_greathammer":1,"minecraft:pumpkin_seeds":4,"tombstone:magic_scroll":1,"minecraft:coal":182},"minecraft:used":{"minecraft:dispenser":11,"minecraft:chest":17,"minecraft:stone":103,"minecraft:rotten_flesh":3,"securitycraft:keypad_item":1,"minecraft:dark_oak_slab":395,"minecraft:stone_brick_stairs":1,"minecraft:oak_sapling":4,"minecraft:furnace":15,"minecraft:potato":80,"simplefarming:grape_seeds":1,"minecraft:diorite":1,"minecraft:end_stone_bricks":4,"minecraft:stripped_birch_log":47,"minecraft:wooden_pickaxe":4,"minecraft:oak_leaves":30,"minecraft:golden_apple":2,"minecraft:dark_oak_trapdoor":38,"minecraft:sand":1,"minecraft:blast_furnace":4,"minecraft:stone_button":1,"minecraft:diamond_sword":6,"minecraft:coal_block":25,"minecraft:wooden_sword":94,"minecraft:dark_oak_fence":24,"minecraft:birch_log":93,"minecraft:enchanting_table":1,"minecraft:torch":404,"minecraft:stone_stairs":71,"minecraft:polished_diorite":1,"minecraft:iron_axe":945,"minecraft:barrel":23,"securitycraft:dirt_mine":8,"tombstone:gift":7,"minecraft:cobbled_deepslate":11,"minecraft:acacia_planks":76,"minecraft:pointed_dripstone":111,"minecraft:knowledge_book":261,"minecraft:wheat_seeds":26,"minecraft:water_bucket":147,"minecraft:birch_planks":160,"minecraft:waxed_oxidized_cut_copper":1,"minecraft:cracked_stone_bricks":1,"minecraft:crafting_table":22,"minecraft:white_bed":11,"minecraft:mud":1,"minecraft:diamond_shovel":883,"minecraft:iron_pickaxe":1886,"tombstone:magic_scroll":2,"jeg:scrap_workbench":1,"minecraft:cobblestone":578,"minecraft:potion":245,"minecraft:cooked_porkchop":8,"minecraft:glass_pane":64,"quark:oak_chest":63,"minecraft:diamond_leggings":1,"minecraft:moss_carpet":1,"minecraft:iron_shovel":915,"minecraft:polished_deepslate":12,"minecraft:polished_basalt":1,"minecraft:shield":160,"minecraft:white_terracotta":1,"minecraft:iron_sword":418,"minecraft:nether_wart":30,"alexscaves:galena":3,"minecraft:iron_chestplate":2,"minecraft:carrot":280,"minecraft:glass":1,"minecraft:lantern":9,"minecraft:iron_helmet":2,"minecraft:stone_bricks":160,"minecraft:golden_sword":3,"minecraft:dark_oak_stairs":155,"minecraft:stone_pickaxe":119,"minecraft:oak_planks":141,"minecraft:dripstone_block":2,"minecraft:shears":65,"simplyswords:iron_greathammer":250,"minecraft:dark_oak_log":6,"minecraft:bread":1,"tombstone:grave_key":24,"minecraft:andesite":1,"minecraft:smooth_stone_slab":1,"minecraft:air":245,"minecraft:coarse_dirt":19,"minecraft:cobweb":9,"quark:birch_chest":4,"minecraft:stone_shovel":173,"minecraft:redstone":9,"minecraft:spruce_planks":367,"minecraft:stone_hoe":83,"minecraft:oak_door":4,"minecraft:dirt":930,"minecraft:spruce_stairs":9,"minecraft:diamond_helmet":1,"minecraft:birch_door":6,"minecraft:dark_oak_planks":87,"minecraft:wooden_axe":9,"minecraft:bookshelf":28,"simplyswords:diamond_greathammer":693,"minecraft:iron_boots":2,"minecraft:golden_carrot":139,"minecraft:cooked_beef":9,"minecraft:iron_leggings":2,"minecraft:cooked_mutton":16,"minecraft:glass_bottle":334,"minecraft:stonecutter":3,"simplyswords:iron_twinblade":214,"minecraft:dark_oak_door":9,"minecraft:apple":1,"minecraft:stone_slab":63,"minecraft:stone_axe":149,"minecraft:bucket":149,"alexsmobs:animal_dictionary":5,"minecraft:smooth_stone":3},"minecraft:killed_by":{"minecraft:zombie":33,"minecraft:stray":2,"undead_revamp2:sucker":1,"minecraft:skeleton":5,"minecraft:phantom":1}},"DataVersion":3465}