{"stats":{"minecraft:dropped":{"minecraft:cobblestone":33,"tombstone:grave_key":2,"minecraft:wooden_axe":1},"minecraft:killed_by":{"minecraft:skeleton":3,"minecraft:zombie":1},"minecraft:used":{"minecraft:stone_sword":6,"minecraft:cobblestone_stairs":9,"minecraft:stone_shovel":8,"minecraft:stone_pickaxe":253,"minecraft:wooden_pickaxe":9,"minecraft:stripped_birch_wood":1,"minecraft:rotten_flesh":1,"minecraft:torch":6,"minecraft:dirt":2,"minecraft:crafting_table":9,"biomesoplenty:redwood_log":1,"born_in_chaos_v1:corpse_maggot":3,"minecraft:wooden_axe":12,"minecraft:string":2,"biomesoplenty:jacaranda_boat":1,"biomesoplenty:redwood_boat":1,"minecraft:stone_axe":16,"minecraft:cobblestone":42,"tombstone:gift":2},"minecraft:picked_up":{"biomesoplenty:redwood_log":15,"born_in_chaos_v1:corpse_maggot":3,"minecraft:crafting_table":7,"minecraft:oak_log":3,"tombstone:grave_key":1,"minecraft:dirt":66,"minecraft:string":2,"minecraft:raw_copper":26,"biomesoplenty:tall_lavender":1,"minecraft:wheat_seeds":1,"minecraft:oak_planks":3,"minecraft:oak_door":1,"biomesoplenty:redwood_boat":1,"minecraft:torch":4,"minecraft:carrot":3,"biomesoplenty:jacaranda_log":6,"minecraft:stripped_birch_wood":1,"minecraft:coal":20,"minecraft:cobblestone":213},"minecraft:mined":{"biomesoplenty:jacaranda_leaves":4,"minecraft:glass_pane":1,"minecraft:oak_door":1,"minecraft:crafting_table":7,"minecraft:torch":2,"minecraft:grass_block":11,"minecraft:copper_ore":8,"minecraft:cobblestone":5,"minecraft:oak_planks":3,"minecraft:wall_torch":2,"minecraft:seagrass":1,"minecraft:white_terracotta":1,"biomesoplenty:jacaranda_log":6,"biomesoplenty:tall_lavender":1,"minecraft:grass":2,"minecraft:oak_log":3,"minecraft:coal_ore":21,"biomesoplenty:redwood_log":15,"minecraft:dirt":59,"minecraft:stripped_birch_wood":1,"minecraft:stone":127},"minecraft:broken":{"minecraft:stone_pickaxe":1},"minecraft:crafted":{"minecraft:oak_planks":8,"minecraft:cobblestone_slab":6,"minecraft:stone_shovel":1,"biomesoplenty:jacaranda_planks":24,"biomesoplenty:jacaranda_boat":1,"minecraft:crafting_table":4,"biomesoplenty:redwood_planks":56,"minecraft:wooden_pickaxe":3,"minecraft:cobblestone_stairs":16,"minecraft:stone_axe":2,"minecraft:oak_boat":1,"biomesoplenty:redwood_boat":1,"minecraft:stick":40,"minecraft:stone_pickaxe":4,"minecraft:wooden_axe":1,"minecraft:stone_sword":2,"minecraft:torch":12},"minecraft:custom":{"minecraft:interact_with_furnace":1,"minecraft:mob_kills":3,"minecraft:interact_with_crafting_table":15,"minecraft:open_barrel":4,"minecraft:damage_dealt_resisted":8,"minecraft:leave_game":2,"minecraft:time_since_death":3384,"minecraft:sleep_in_bed":2,"minecraft:time_since_rest":134,"minecraft:sprint_one_cm":44304,"minecraft:damage_taken":2175,"minecraft:walk_one_cm":328926,"minecraft:drop":4,"minecraft:damage_dealt":480,"minecraft:swim_one_cm":685,"minecraft:fly_one_cm":11318,"minecraft:open_chest":21,"minecraft:play_time":87158,"minecraft:deaths":8,"minecraft:walk_under_water_one_cm":12853,"minecraft:boat_one_cm":141345,"minecraft:jump":513,"minecraft:walk_on_water_one_cm":6837,"minecraft:total_world_time":87158,"minecraft:fall_one_cm":12172},"minecraft:killed":{"born_in_chaos_v1:corpse_fly":3}},"DataVersion":3465}