{"stats":{"minecraft:picked_up":{"minecraft:wheat":9,"born_in_chaos_v1:diamond_termite_shard":7,"minecraft:crafting_table":2,"simplefarming:pea_seeds":4,"minecraft:iron_chestplate":1,"minecraft:allium":5,"minecraft:azure_bluet":2,"minecraft:chicken":4,"minecraft:flower_pot":7,"born_in_chaos_v1:seedof_chaos":1,"tombstone:grave_key":4,"alexscaves:metal_swarf":8,"minecraft:polished_deepslate":1,"minecraft:string":13,"minecraft:raw_copper":45,"minecraft:iron_leggings":1,"biomesoplenty:tall_lavender":1,"jeg:revolver":5,"minecraft:cobbled_deepslate":109,"minecraft:beef":10,"simplefarming:blackberry_bush":1,"minecraft:poppy":2,"minecraft:chest":1,"minecraft:phantom_membrane":1,"minecraft:iron_boots":1,"minecraft:egg":2,"minecraft:stick":1,"minecraft:raw_iron":25,"minecraft:torch":22,"zombie_more:cursed_heart":2,"sophisticatedbackpacks:backpack":1,"minecraft:porkchop":16,"quark:birch_chest":1,"tombstone:grave_dust":4,"minecraft:carrot":30,"minecraft:brown_carpet":1,"minecraft:stone_sword":1,"minecraft:arrow":5,"minecraft:rotten_flesh":27,"biomesoplenty:jacaranda_log":22,"minecraft:vex_armor_trim_smithing_template":1,"minecraft:oxeye_daisy":2,"minecraft:mutton":17,"minecraft:white_wool":14,"minecraft:cobblestone":324,"minecraft:stripped_oak_log":2,"biomesoplenty:lavender":20,"born_in_chaos_v1:corpse_maggot":3,"minecraft:magma_block":2,"minecraft:feather":4,"minecraft:cooked_beef":4,"minecraft:repeater":4,"minecraft:andesite":5,"minecraft:leather":8,"minecraft:potato":111,"minecraft:birch_planks":19,"minecraft:flint":2,"minecraft:oak_log":9,"undead_revamp2:huntereye":1,"jeg:scrap":42,"biomesoplenty:jacaranda_planks":2,"minecraft:gunpowder":8,"minecraft:lantern":5,"minecraft:dirt":83,"zombie_more:crawler_gut":1,"alexscaves:galena":38,"minecraft:bone":12,"minecraft:apple":4,"minecraft:wheat_seeds":69,"simplefarming:kenaf_seeds":1,"born_in_chaos_v1:smoked_flesh":3,"minecraft:iron_ingot":14,"minecraft:stone_pickaxe":2,"minecraft:gray_bed":1,"jeg:tech_trash":4,"minecraft:oak_planks":3,"simplefarming:quinoa_seeds":3,"minecraft:scaffolding":1,"simplefarming:peanut_seeds":2,"minecraft:daylight_detector":1,"simplefarming:radish_seeds":2,"minecraft:dandelion":2,"born_in_chaos_v1:ethereal_spirit":4,"minecraft:poisonous_potato":1,"minecraft:gravel":9,"minecraft:spruce_log":3,"quark:oak_chest":3,"minecraft:barrel":3,"simplyswords:iron_twinblade":1,"minecraft:pumpkin_seeds":24,"minecraft:slime_ball":1,"minecraft:stone_axe":1,"jeg:custom_smg":1,"minecraft:iron_helmet":1,"minecraft:granite":16,"alexscaves:scarlet_neodymium_pillar":4,"minecraft:bread":5,"minecraft:warped_roots":1,"minecraft:baked_potato":29,"minecraft:oak_sapling":1,"minecraft:netherrack":2,"simplefarming:cotton_seeds":2,"minecraft:coal":109},"minecraft:mined":{"minecraft:granite":14,"biomesoplenty:bush":2,"minecraft:grass_block":37,"minecraft:oxeye_daisy":1,"alexscaves:galena":22,"minecraft:spawner":2,"biomesoplenty:jacaranda_log":22,"biomesoplenty:tall_lavender":2,"minecraft:barrel":3,"minecraft:iron_ore":23,"minecraft:cobbled_deepslate":4,"biomesoplenty:lavender":18,"minecraft:andesite":5,"minecraft:polished_deepslate":1,"minecraft:potted_dandelion":1,"minecraft:potatoes":1,"biomesoplenty:high_grass":4,"minecraft:lantern":5,"biomesoplenty:barley":8,"minecraft:stone":279,"biomesoplenty:jacaranda_leaves":3,"minecraft:scaffolding":1,"minecraft:glass_pane":1,"jeg:scrap_ore":19,"simplefarming:quinoa":1,"quark:oak_chest":2,"biomesoplenty:jacaranda_planks":1,"minecraft:dandelion":1,"minecraft:cornflower":1,"minecraft:crafting_table":2,"minecraft:torch":6,"minecraft:poppy":1,"minecraft:potted_warped_roots":2,"minecraft:chest":1,"minecraft:potted_oxeye_daisy":1,"alexscaves:energized_galena_scarlet":4,"alexscaves:metal_swarf":5,"biomesoplenty:high_grass_plant":4,"minecraft:cobblestone":17,"minecraft:tall_grass":7,"minecraft:copper_ore":11,"minecraft:oak_planks":1,"minecraft:wall_torch":15,"minecraft:repeater":4,"biomesoplenty:yellow_autumn_leaves":2,"minecraft:wheat":1,"minecraft:spruce_log":3,"minecraft:potted_poppy":1,"minecraft:potted_azure_bluet":2,"minecraft:grass":60,"biomesoplenty:clover":1,"minecraft:oak_log":9,"minecraft:coal_ore":109,"minecraft:flower_pot":1,"minecraft:gravel":11,"minecraft:dirt":31,"minecraft:cobweb":7,"minecraft:daylight_detector":1,"minecraft:oak_leaves":9,"minecraft:deepslate":109,"minecraft:fern":1},"minecraft:killed":{"born_in_chaos_v1:restless_spirit":4,"born_in_chaos_v1:door_knight_not_despawn":1,"minecraft:spider":5,"born_in_chaos_v1:siamese_skeletonsright":1,"born_in_chaos_v1:maggot":2,"minecraft:skeleton":4,"minecraft:chicken":3,"minecraft:pig":9,"minecraft:zombie_villager":1,"born_in_chaos_v1:diamond_termite":3,"zombie_more:crawler_zombie":1,"undead_revamp2:the_moonflower":2,"born_in_chaos_v1:decrepit_skeleton":2,"minecraft:sheep":14,"undead_revamp2:thesomnolence":2,"minecraft:zombie":10,"born_in_chaos_v1:corpse_fly":1,"minecraft:cow":9},"minecraft:custom":{"minecraft:interact_with_smithing_table":2,"minecraft:mob_kills":76,"minecraft:interact_with_crafting_table":51,"minecraft:open_barrel":45,"minecraft:bell_ring":6,"minecraft:damage_dealt_resisted":1054,"minecraft:leave_game":6,"minecraft:time_since_death":201393,"minecraft:climb_one_cm":2367,"minecraft:damage_resisted":44,"minecraft:sprint_one_cm":1002708,"minecraft:walk_one_cm":1824434,"minecraft:damage_blocked_by_shield":1620,"minecraft:drop":120,"minecraft:play_time":523464,"minecraft:deaths":14,"minecraft:sneak_time":6950,"minecraft:walk_under_water_one_cm":42268,"minecraft:jump":5053,"minecraft:walk_on_water_one_cm":38227,"minecraft:total_world_time":523464,"minecraft:interact_with_furnace":86,"minecraft:pot_flower":5,"minecraft:sleep_in_bed":10,"minecraft:time_since_rest":847,"minecraft:damage_taken":9980,"minecraft:damage_dealt":10589,"minecraft:swim_one_cm":9655,"minecraft:fly_one_cm":581974,"minecraft:open_chest":87,"minecraft:crouch_one_cm":13374,"tombstone:undead_killed":22,"minecraft:fall_one_cm":115013},"minecraft:killed_by":{"minecraft:player":1,"minecraft:skeleton":2,"minecraft:zombie":1},"minecraft:crafted":{"minecraft:wooden_sword":1,"minecraft:oak_planks":44,"minecraft:barrel":1,"quark:birch_chest":1,"minecraft:cooked_chicken":2,"minecraft:furnace":2,"minecraft:cooked_mutton":18,"minecraft:bow":1,"minecraft:iron_axe":1,"tombstone:grave_key":1,"minecraft:stone_pickaxe":9,"minecraft:birch_door":3,"minecraft:red_dye":1,"minecraft:cooked_beef":17,"sophisticatedbackpacks:backpack":1,"biomesoplenty:jacaranda_planks":69,"minecraft:cooked_porkchop":16,"minecraft:crafting_table":3,"minecraft:spruce_planks":12,"minecraft:baked_potato":108,"minecraft:iron_sword":2,"minecraft:bread":3,"biomesoplenty:jacaranda_slab":12,"minecraft:air":0,"minecraft:shield":1,"minecraft:stick":48,"minecraft:iron_ingot":24,"minecraft:iron_pickaxe":1,"minecraft:white_bed":2,"minecraft:torch":72},"minecraft:broken":{"minecraft:stone_pickaxe":4,"minecraft:wooden_sword":1},"minecraft:used":{"quark:birch_chest":2,"minecraft:stone_sword":146,"minecraft:shield":41,"minecraft:iron_sword":244,"minecraft:cooked_chicken":1,"minecraft:torch":93,"minecraft:dirt":103,"alexscaves:metal_swarf":2,"minecraft:carrot":17,"jeg:custom_smg":2,"minecraft:birch_door":1,"minecraft:lantern":2,"minecraft:iron_axe":18,"biomesoplenty:jacaranda_log":5,"minecraft:barrel":1,"minecraft:furnace":2,"minecraft:oak_sapling":1,"jeg:revolver":3,"minecraft:gray_bed":1,"tombstone:gift":7,"minecraft:egg":1,"minecraft:cooked_beef":8,"minecraft:knowledge_book":103,"minecraft:cooked_mutton":14,"minecraft:stone_pickaxe":657,"minecraft:baked_potato":82,"simplefarming:blackberry_bush":1,"minecraft:crafting_table":5,"simplyswords:iron_twinblade":8,"minecraft:white_bed":2,"biomesoplenty:jacaranda_planks":13,"minecraft:flower_pot":6,"minecraft:bread":5,"minecraft:chicken":1,"minecraft:iron_pickaxe":44,"tombstone:grave_key":3,"minecraft:stone_axe":3,"minecraft:wooden_sword":60,"minecraft:cobblestone":200,"minecraft:cooked_porkchop":3,"minecraft:porkchop":5,"quark:oak_chest":2},"minecraft:dropped":{"minecraft:daylight_detector":1,"minecraft:iron_ingot":1,"minecraft:wheat_seeds":43,"minecraft:cooked_beef":4,"minecraft:baked_potato":20,"minecraft:cooked_porkchop":5,"minecraft:poisonous_potato":1,"simplefarming:radish_seeds":2,"biomesoplenty:lavender":20,"minecraft:feather":2,"minecraft:cobblestone":6,"minecraft:warped_roots":1,"minecraft:leather":1,"minecraft:granite":16,"jeg:scrap":12,"born_in_chaos_v1:pieceofdarkmetal":3,"minecraft:coal":3,"simplefarming:peanut_seeds":1,"minecraft:flint":2,"simplefarming:pea_seeds":4,"minecraft:dirt":10,"jeg:custom_smg":1,"tombstone:grave_key":5,"tombstone:grave_dust":1,"minecraft:string":1,"jeg:tech_trash":1,"quark:oak_chest":1,"minecraft:bone":8,"simplefarming:cotton_seeds":1,"minecraft:polished_deepslate":1,"minecraft:gravel":9,"minecraft:stone_axe":1,"minecraft:stone_sword":1,"minecraft:raw_iron":1,"zombie_more:crawler_gut":1,"minecraft:chicken":1,"minecraft:rotten_flesh":21,"born_in_chaos_v1:smoked_flesh":3,"minecraft:oak_planks":22,"sophisticatedbackpacks:backpack":1,"biomesoplenty:jacaranda_slab":8,"minecraft:carrot":1,"simplefarming:kenaf_seeds":1,"jeg:revolver":5,"minecraft:gunpowder":5,"minecraft:allium":5,"zombie_more:cursed_heart":2,"minecraft:andesite":5,"born_in_chaos_v1:corpse_maggot":7,"minecraft:birch_door":2,"minecraft:brown_carpet":1,"minecraft:slime_ball":1,"simplefarming:quinoa_seeds":3,"minecraft:arrow":2,"minecraft:stone_pickaxe":2,"minecraft:vex_armor_trim_smithing_template":1,"biomesoplenty:tall_lavender":1,"minecraft:netherrack":2,"minecraft:egg":1}},"DataVersion":3465}