{"stats":{"minecraft:dropped":{"minecraft:stripped_birch_wood":1,"simplefarming:sweet_potato_seeds":3,"simplyswords:iron_halberd":1,"born_in_chaos_v1:pieceofdarkmetal":4,"simplefarming:yam_seeds":2,"born_in_chaos_v1:monster_flesh":1,"alexscaves:galena":9,"simplefarming:pea_seeds":3,"born_in_chaos_v1:monster_skin":1,"minecraft:crimson_roots":4,"minecraft:bone_meal":1,"simplefarming:blackberries":6,"simplefarming:spinach_seeds":1,"undead_revamp2:blacpetalblock":1,"jeg:tech_trash":8,"minecraft:bone":4,"minecraft:gravel":8,"minecraft:stone_axe":1,"minecraft:wheat":5,"minecraft:rotten_flesh":50,"minecraft:oak_planks":5,"minecraft:enchanted_golden_apple":1,"simplefarming:cassava_seeds":1,"minecraft:white_bed":1,"minecraft:carrot":5,"born_in_chaos_v1:seedof_chaos":2,"minecraft:gunpowder":3,"zombie_more:cursed_heart":3,"minecraft:white_dye":2,"minecraft:end_stone_bricks":1,"minecraft:arrow":7,"farmersdelight:tomato_seeds":2,"minecraft:water_bucket":1,"minecraft:enchanted_book":1,"minecraft:iron_ingot":18,"minecraft:wheat_seeds":39,"minecraft:lilac":2,"biomesoplenty:lavender":7,"minecraft:feather":2,"minecraft:knowledge_book":1,"minecraft:granite":10,"minecraft:acacia_log":1,"minecraft:coal":6,"biomesoplenty:jacaranda_log":1,"minecraft:stick":2,"alexscaves:scarlet_neodymium_pillar":1,"jeg:custom_smg":1,"minecraft:torch":6,"tombstone:grave_key":6,"tombstone:grave_dust":19,"minecraft:stone_brick_slab":1,"simplefarming:cotton_seeds":2,"simplefarming:tomato_seeds":1,"alexsmobs:maggot":2,"minecraft:tuff":6,"minecraft:stone_shovel":2,"minecraft:chicken":1,"minecraft:oak_sign":6,"minecraft:lily_of_the_valley":2,"minecraft:allium":4,"minecraft:peony":1,"minecraft:andesite":8,"minecraft:oak_sapling":5,"minecraft:stone_bricks":3,"minecraft:spider_eye":1,"minecraft:slime_ball":1,"minecraft:stone_pickaxe":3},"minecraft:killed_by":{"minecraft:zombie_villager":1,"minecraft:witch":2,"minecraft:zombie":5,"undead_revamp2:thespitter":1,"minecraft:skeleton":1},"minecraft:used":{"minecraft:iron_shovel":34,"minecraft:oak_sign":3,"minecraft:shield":90,"minecraft:stone":5,"minecraft:iron_sword":241,"alexscaves:galena":33,"minecraft:bell":1,"minecraft:rotten_flesh":2,"minecraft:carrot":43,"jeg:custom_smg":3,"born_in_chaos_v1:corpse_maggot":3,"minecraft:lava_bucket":2,"biomesoplenty:jacaranda_sapling":1,"minecraft:red_carpet":2,"minecraft:magma_block":3,"minecraft:oak_sapling":1,"minecraft:furnace":3,"minecraft:stone_pickaxe":719,"minecraft:oak_planks":78,"alexscaves:scarlet_neodymium_pillar":1,"simplyswords:iron_halberd":15,"biomesoplenty:jacaranda_planks":90,"minecraft:bread":5,"tombstone:grave_key":2,"minecraft:bone_meal":96,"minecraft:stone_shovel":85,"minecraft:cooked_chicken":1,"minecraft:netherrack":26,"minecraft:oak_door":7,"minecraft:torch":107,"minecraft:dirt":368,"undead_revamp2:huntereye":1,"tombstone:gift":8,"minecraft:cooked_beef":19,"minecraft:cobbled_deepslate":66,"minecraft:knowledge_book":35,"minecraft:wheat_seeds":15,"biomesoplenty:jacaranda_door":6,"minecraft:water_bucket":104,"minecraft:cobblestone_stairs":8,"minecraft:baked_potato":113,"minecraft:crafting_table":13,"minecraft:white_bed":3,"simplefarming:blackberries":3,"minecraft:flower_pot":4,"minecraft:iron_pickaxe":262,"minecraft:stone_axe":497,"minecraft:cobblestone":208,"minecraft:bucket":106,"quark:oak_chest":2,"minecraft:stripped_oak_log":1},"minecraft:picked_up":{"minecraft:wheat":29,"minecraft:flower_pot":4,"tombstone:grave_key":2,"minecraft:string":8,"minecraft:oak_sign":6,"minecraft:cobbled_deepslate":163,"simplefarming:spinach_seeds":1,"minecraft:furnace":2,"minecraft:stick":11,"minecraft:torch":45,"minecraft:acacia_log":1,"minecraft:porkchop":5,"minecraft:pointed_dripstone":5,"tombstone:grave_dust":13,"minecraft:rotten_flesh":46,"minecraft:stripped_birch_wood":1,"minecraft:cobblestone":320,"biomesoplenty:lavender":7,"minecraft:birch_log":2,"minecraft:magma_block":30,"minecraft:feather":2,"minecraft:lilac":2,"minecraft:water_bucket":1,"minecraft:andesite":8,"minecraft:potato":156,"minecraft:tuff":6,"undead_revamp2:huntereye":1,"jeg:scrap":44,"minecraft:dirt":307,"minecraft:lantern":3,"alexscaves:galena":42,"born_in_chaos_v1:monster_skin":1,"minecraft:bone":38,"minecraft:wheat_seeds":78,"minecraft:raw_gold":3,"minecraft:bell":1,"simplefarming:tomato_seeds":1,"minecraft:oak_planks":17,"minecraft:lily_of_the_valley":6,"minecraft:bundle":2,"jeg:custom_smg":1,"minecraft:granite":10,"minecraft:bone_meal":1,"minecraft:bread":6,"alexsmobs:maggot":1,"minecraft:oak_sapling":5,"simplefarming:cassava_seeds":2,"minecraft:netherrack":46,"minecraft:crimson_roots":4,"minecraft:end_stone_bricks":1,"minecraft:crafting_table":9,"simplefarming:pea_seeds":3,"minecraft:allium":4,"minecraft:chicken":1,"born_in_chaos_v1:seedof_chaos":2,"biomesoplenty:jacaranda_sapling":1,"minecraft:iron_shovel":1,"minecraft:beef":12,"minecraft:sugar_cane":8,"minecraft:raw_iron":55,"minecraft:oak_door":6,"minecraft:copper_ingot":4,"simplefarming:yam_seeds":2,"zombie_more:cursed_heart":4,"minecraft:white_dye":1,"simplyswords:iron_halberd":1,"farmersdelight:tomato_seeds":2,"born_in_chaos_v1:pieceofdarkmetal":4,"minecraft:carrot":62,"minecraft:redstone":14,"minecraft:arrow":8,"minecraft:stone_shovel":1,"biomesoplenty:jacaranda_log":20,"minecraft:peony":1,"minecraft:white_wool":1,"minecraft:stripped_oak_log":4,"born_in_chaos_v1:corpse_maggot":3,"simplefarming:soybean_seeds":1,"born_in_chaos_v1:monster_flesh":2,"minecraft:magenta_banner":1,"minecraft:leather":5,"biomesoplenty:jacaranda_door":6,"minecraft:oak_log":117,"biomesoplenty:jacaranda_planks":3,"minecraft:gunpowder":3,"minecraft:white_banner":1,"minecraft:red_carpet":2,"minecraft:stone_bricks":3,"minecraft:iron_ingot":10,"minecraft:stone_pickaxe":2,"jeg:tech_trash":7,"minecraft:stone_brick_slab":1,"minecraft:gravel":8,"minecraft:white_bed":4,"minecraft:spider_eye":1,"simplefarming:blackberries":9,"minecraft:slime_ball":1,"simplefarming:sweet_potato_seeds":3,"alexscaves:scarlet_neodymium_pillar":2,"minecraft:baked_potato":16,"tombstone:magic_scroll":4,"simplefarming:cotton_seeds":1,"minecraft:coal":194,"minecraft:ender_pearl":2},"minecraft:broken":{"minecraft:iron_boots":1,"minecraft:iron_chestplate":1,"minecraft:iron_leggings":1,"minecraft:stone_pickaxe":5,"minecraft:stone_axe":4,"minecraft:iron_sword":1,"minecraft:shield":1,"minecraft:iron_pickaxe":1,"minecraft:iron_helmet":1},"minecraft:mined":{"minecraft:white_bed":3,"minecraft:oak_sapling":1,"minecraft:granite":9,"minecraft:grass_block":75,"biomesoplenty:flowering_oak_leaves":3,"simplefarming:blackberry_bush":6,"minecraft:magma_block":33,"biomesoplenty:tall_lavender":1,"minecraft:cobbled_deepslate":3,"minecraft:fire":6,"minecraft:iron_ore":30,"biomesoplenty:lavender":10,"minecraft:deepslate_lapis_ore":1,"minecraft:pointed_dripstone":3,"minecraft:oak_sign":1,"biomesoplenty:webbing":2,"minecraft:end_stone_bricks":2,"simplefarming:fruit_log":1,"minecraft:deepslate_redstone_ore":3,"biomesoplenty:jacaranda_leaves":8,"minecraft:magenta_wall_banner":1,"biomesoplenty:jacaranda_planks":3,"minecraft:crimson_nylium":5,"minecraft:torch":2,"minecraft:poppy":1,"minecraft:dead_bush":2,"alexscaves:energized_galena_scarlet":3,"minecraft:cobblestone":48,"minecraft:sugar_cane":4,"minecraft:oak_planks":13,"minecraft:wall_torch":38,"minecraft:birch_log":2,"minecraft:wheat":5,"minecraft:lilac":1,"minecraft:grass":37,"minecraft:oak_log":127,"minecraft:dirt":148,"pfm:oak_gray_simple_bed":1,"minecraft:stripped_birch_wood":2,"minecraft:netherrack":44,"minecraft:oak_leaves":74,"minecraft:deepslate":199,"minecraft:tuff":15,"minecraft:oak_door":1,"born_in_chaos_v1:infected_diamond_ore":3,"biomesoplenty:bush":20,"minecraft:allium":1,"alexscaves:galena":26,"biomesoplenty:jacaranda_log":21,"minecraft:furnace":2,"minecraft:carrots":4,"minecraft:andesite":8,"minecraft:bell":1,"biomesoplenty:high_grass":1,"minecraft:deepslate_iron_ore":12,"biomesoplenty:jacaranda_door":4,"minecraft:stripped_oak_log":4,"biomesoplenty:spider_egg":1,"minecraft:stone":258,"minecraft:podzol":3,"jeg:scrap_ore":17,"minecraft:potted_lily_of_the_valley":4,"minecraft:crafting_table":10,"alexscaves:metal_swarf":6,"minecraft:tall_grass":7,"biomesoplenty:sprout":2,"minecraft:deepslate_gold_ore":4,"farmersdelight:wild_tomatoes":4,"minecraft:sculk":2,"jeg:deepslate_scrap_ore":4,"biomesoplenty:yellow_autumn_leaves":4,"minecraft:coal_ore":187,"minecraft:gravel":8,"biomesoplenty:stringy_cobweb":8,"minecraft:stripped_acacia_wood":1,"alexscaves:scarlet_neodymium_pillar":3},"minecraft:crafted":{"minecraft:oak_planks":492,"minecraft:oak_sign":3,"minecraft:cooked_chicken":1,"minecraft:cobblestone_stairs":8,"minecraft:iron_boots":2,"tombstone:grave_key":1,"sophisticatedbackpacks:backpack":2,"biomesoplenty:jacaranda_planks":76,"minecraft:crafting_table":5,"minecraft:baked_potato":155,"minecraft:iron_helmet":2,"minecraft:birch_planks":8,"minecraft:iron_chestplate":2,"minecraft:shield":4,"minecraft:stick":80,"quark:oak_chest":3,"minecraft:iron_ingot":55,"minecraft:iron_pickaxe":2,"minecraft:oak_door":3,"minecraft:furnace":1,"minecraft:bone_meal":99,"minecraft:stone_pickaxe":7,"minecraft:cooked_beef":19,"minecraft:iron_sword":1,"minecraft:bucket":1,"minecraft:stone_axe":5,"minecraft:air":0,"minecraft:bread":8,"minecraft:white_dye":2,"minecraft:iron_leggings":2,"minecraft:torch":144},"minecraft:custom":{"minecraft:interact_with_crafting_table":51,"minecraft:open_barrel":26,"minecraft:bell_ring":13,"minecraft:leave_game":7,"minecraft:time_since_death":2321,"minecraft:damage_resisted":92,"minecraft:sprint_one_cm":830036,"minecraft:damage_blocked_by_shield":3378,"minecraft:drop":173,"minecraft:play_time":537643,"minecraft:deaths":57,"minecraft:jump":7257,"minecraft:walk_on_water_one_cm":83788,"minecraft:interact_with_furnace":83,"minecraft:sleep_in_bed":9,"minecraft:damage_dealt":9704,"minecraft:crouch_one_cm":14899,"tombstone:undead_killed":23,"minecraft:interact_with_smoker":3,"minecraft:interact_with_smithing_table":1,"minecraft:mob_kills":41,"minecraft:damage_dealt_resisted":618,"minecraft:climb_one_cm":980,"minecraft:walk_one_cm":1412316,"minecraft:sneak_time":12375,"minecraft:walk_under_water_one_cm":116717,"minecraft:total_world_time":537643,"minecraft:pot_flower":4,"minecraft:time_since_rest":1789,"minecraft:damage_taken":27402,"minecraft:swim_one_cm":130231,"minecraft:fly_one_cm":929459,"minecraft:open_chest":83,"minecraft:fall_one_cm":204436},"minecraft:killed":{"zombie_more:cursed_zombie":2,"minecraft:cave_spider":2,"born_in_chaos_v1:zombie_lumberjack":1,"minecraft:spider":1,"undead_revamp2:thesmoker":1,"minecraft:skeleton":3,"minecraft:chicken":1,"born_in_chaos_v1:skeleton_thrasher":1,"minecraft:pig":1,"born_in_chaos_v1:diamond_termite":1,"minecraft:creeper":1,"minecraft:sheep":1,"minecraft:zombie":10,"born_in_chaos_v1:dread_hound":1,"born_in_chaos_v1:corpse_fly":2,"undead_revamp2:theskeeper":1,"minecraft:cow":6,"undead_revamp2:thehunter":1,"born_in_chaos_v1:decrepit_skeleton":3}},"DataVersion":3465}